{
  "type": "FeatureCollection",
  "building": {
    "name": "Vaswani Exquisite Apartments (relation/14434977)",
    "base_ulpin": "KA-BLR-00042",
    "footprint_source": "real",
    "floor_count_source": "real",
    "osm_element": "relation",
    "osm_id": 14434977,
    "levels": 24,
    "footprint_area_m2": 1057.2,
    "real_footprint_lonlat": [
      [
        77.723897,
        12.989102
      ],
      [
        77.723951,
        12.988906
      ],
      [
        77.723877,
        12.988883
      ],
      [
        77.723865,
        12.98891
      ],
      [
        77.723811,
        12.988889
      ],
      [
        77.723542,
        12.988931
      ],
      [
        77.723462,
        12.988953
      ],
      [
        77.723578,
        12.989189
      ],
      [
        77.723681,
        12.989152
      ],
      [
        77.723709,
        12.989138
      ],
      [
        77.723727,
        12.989165
      ],
      [
        77.723765,
        12.989157
      ],
      [
        77.72374,
        12.989096
      ],
      [
        77.723785,
        12.989092
      ],
      [
        77.723897,
        12.989102
      ]
    ]
  },
  "features": [
    {
      "type": "Feature",
      "properties": {
        "id_3d_ulpin": "KA-BLR-00042-F01-U01",
        "base_ulpin": "KA-BLR-00042",
        "floor": 1,
        "unit_letter": "A",
        "z_min": 0.0,
        "z_max": 3.5,
        "owner_name": "Zoya Khan",
        "purchase_date": "2019-01-27",
        "status": "Registered",
        "source": "mock",
        "geometry_source": "real"
      },
      "geometry": {
        "type": "Polygon",
        "coordinates": [
          [
            [
              77.723578,
              12.989189
            ],
            [
              77.723681,
              12.989152
            ],
            [
              77.723709,
              12.989138
            ],
            [
              77.723727,
              12.989165
            ],
            [
              77.723727,
              12.989165
            ],
            [
              77.723745,
              12.989161
            ],
            [
              77.723724,
              12.989034
            ],
            [
              77.723677,
              12.989041
            ],
            [
              77.723698,
              12.989045
            ],
            [
              77.723695,
              12.989085
            ],
            [
              77.72366,
              12.98909
            ],
            [
              77.723632,
              12.989048
            ],
            [
              77.723518,
              12.989067
            ],
            [
              77.723578,
              12.989189
            ],
            [
              77.723578,
              12.989189
            ]
          ]
        ]
      }
    },
    {
      "type": "Feature",
      "properties": {
        "id_3d_ulpin": "KA-BLR-00042-F01-U02",
        "base_ulpin": "KA-BLR-00042",
        "floor": 1,
        "unit_letter": "B",
        "z_min": 0.0,
        "z_max": 3.5,
        "owner_name": "Nikhil Joshi",
        "purchase_date": "2020-10-15",
        "status": "Registered",
        "source": "mock",
        "geometry_source": "real"
      },
      "geometry": {
        "type": "Polygon",
        "coordinates": [
          [
            [
              77.723796,
              12.989022
            ],
            [
              77.723787,
              12.989056
            ],
            [
              77.723753,
              12.989062
            ],
            [
              77.723741,
              12.989038
            ],
            [
              77.723765,
              12.989038
            ],
            [
              77.723766,
              12.989027
            ],
            [
              77.723724,
              12.989034
            ],
            [
              77.723745,
              12.989161
            ],
            [
              77.723765,
              12.989157
            ],
            [
              77.72374,
              12.989096
            ],
            [
              77.723785,
              12.989092
            ],
            [
              77.723897,
              12.989102
            ],
            [
              77.723925,
              12.989001
            ],
            [
              77.723796,
              12.989022
            ]
          ]
        ]
      }
    },
    {
      "type": "Feature",
      "properties": {
        "id_3d_ulpin": "KA-BLR-00042-F01-U03",
        "base_ulpin": "KA-BLR-00042",
        "floor": 1,
        "unit_letter": "C",
        "z_min": 0.0,
        "z_max": 3.5,
        "owner_name": "Divya Reddy",
        "purchase_date": "2022-10-25",
        "status": "Registered",
        "source": "mock",
        "geometry_source": "real"
      },
      "geometry": {
        "type": "Polygon",
        "coordinates": [
          [
            [
              77.723632,
              12.989048
            ],
            [
              77.723609,
              12.989014
            ],
            [
              77.723661,
              12.989009
            ],
            [
              77.723664,
              12.989039
            ],
            [
              77.723677,
              12.989041
            ],
            [
              77.723724,
              12.989034
            ],
            [
              77.723703,
              12.988906
            ],
            [
              77.723542,
              12.988931
            ],
            [
              77.723462,
              12.988953
            ],
            [
              77.723518,
              12.989067
            ],
            [
              77.723632,
              12.989048
            ]
          ]
        ]
      }
    },
    {
      "type": "Feature",
      "properties": {
        "id_3d_ulpin": "KA-BLR-00042-F01-U04",
        "base_ulpin": "KA-BLR-00042",
        "floor": 1,
        "unit_letter": "D",
        "z_min": 0.0,
        "z_max": 3.5,
        "owner_name": "Fatima Sheikh",
        "purchase_date": "2021-05-31",
        "status": "Registered",
        "source": "mock",
        "geometry_source": "real"
      },
      "geometry": {
        "type": "Polygon",
        "coordinates": [
          [
            [
              77.723766,
              12.989027
            ],
            [
              77.723772,
              12.988984
            ],
            [
              77.723803,
              12.988998
            ],
            [
              77.723796,
              12.989022
            ],
            [
              77.723925,
              12.989001
            ],
            [
              77.723951,
              12.988906
            ],
            [
              77.723951,
              12.988906
            ],
            [
              77.723877,
              12.988883
            ],
            [
              77.723865,
              12.98891
            ],
            [
              77.723811,
              12.988889
            ],
            [
              77.723703,
              12.988906
            ],
            [
              77.723724,
              12.989034
            ],
            [
              77.723766,
              12.989027
            ]
          ]
        ]
      }
    },
    {
      "type": "Feature",
      "properties": {
        "id_3d_ulpin": "KA-BLR-00042-F02-U01",
        "base_ulpin": "KA-BLR-00042",
        "floor": 2,
        "unit_letter": "A",
        "z_min": 3.5,
        "z_max": 7.0,
        "owner_name": "Pooja Hegde",
        "purchase_date": "2022-10-10",
        "status": "Disputed / Encumbered",
        "source": "mock",
        "geometry_source": "real"
      },
      "geometry": {
        "type": "Polygon",
        "coordinates": [
          [
            [
              77.723578,
              12.989189
            ],
            [
              77.723681,
              12.989152
            ],
            [
              77.723709,
              12.989138
            ],
            [
              77.723727,
              12.989165
            ],
            [
              77.723727,
              12.989165
            ],
            [
              77.723745,
              12.989161
            ],
            [
              77.723724,
              12.989034
            ],
            [
              77.723677,
              12.989041
            ],
            [
              77.723698,
              12.989045
            ],
            [
              77.723695,
              12.989085
            ],
            [
              77.72366,
              12.98909
            ],
            [
              77.723632,
              12.989048
            ],
            [
              77.723518,
              12.989067
            ],
            [
              77.723578,
              12.989189
            ],
            [
              77.723578,
              12.989189
            ]
          ]
        ]
      }
    },
    {
      "type": "Feature",
      "properties": {
        "id_3d_ulpin": "KA-BLR-00042-F02-U02",
        "base_ulpin": "KA-BLR-00042",
        "floor": 2,
        "unit_letter": "B",
        "z_min": 3.5,
        "z_max": 7.0,
        "owner_name": "Sneha Desai",
        "purchase_date": "2023-04-06",
        "status": "Registered",
        "source": "mock",
        "geometry_source": "real"
      },
      "geometry": {
        "type": "Polygon",
        "coordinates": [
          [
            [
              77.723796,
              12.989022
            ],
            [
              77.723787,
              12.989056
            ],
            [
              77.723753,
              12.989062
            ],
            [
              77.723741,
              12.989038
            ],
            [
              77.723765,
              12.989038
            ],
            [
              77.723766,
              12.989027
            ],
            [
              77.723724,
              12.989034
            ],
            [
              77.723745,
              12.989161
            ],
            [
              77.723765,
              12.989157
            ],
            [
              77.72374,
              12.989096
            ],
            [
              77.723785,
              12.989092
            ],
            [
              77.723897,
              12.989102
            ],
            [
              77.723925,
              12.989001
            ],
            [
              77.723796,
              12.989022
            ]
          ]
        ]
      }
    },
    {
      "type": "Feature",
      "properties": {
        "id_3d_ulpin": "KA-BLR-00042-F02-U03",
        "base_ulpin": "KA-BLR-00042",
        "floor": 2,
        "unit_letter": "C",
        "z_min": 3.5,
        "z_max": 7.0,
        "owner_name": "Rohan Kulkarni",
        "purchase_date": "2022-11-09",
        "status": "Registered",
        "source": "mock",
        "geometry_source": "real"
      },
      "geometry": {
        "type": "Polygon",
        "coordinates": [
          [
            [
              77.723632,
              12.989048
            ],
            [
              77.723609,
              12.989014
            ],
            [
              77.723661,
              12.989009
            ],
            [
              77.723664,
              12.989039
            ],
            [
              77.723677,
              12.989041
            ],
            [
              77.723724,
              12.989034
            ],
            [
              77.723703,
              12.988906
            ],
            [
              77.723542,
              12.988931
            ],
            [
              77.723462,
              12.988953
            ],
            [
              77.723518,
              12.989067
            ],
            [
              77.723632,
              12.989048
            ]
          ]
        ]
      }
    },
    {
      "type": "Feature",
      "properties": {
        "id_3d_ulpin": "KA-BLR-00042-F02-U04",
        "base_ulpin": "KA-BLR-00042",
        "floor": 2,
        "unit_letter": "D",
        "z_min": 3.5,
        "z_max": 7.0,
        "owner_name": "Ishaan Bose",
        "purchase_date": "2019-06-27",
        "status": "Registered",
        "source": "mock",
        "geometry_source": "real"
      },
      "geometry": {
        "type": "Polygon",
        "coordinates": [
          [
            [
              77.723766,
              12.989027
            ],
            [
              77.723772,
              12.988984
            ],
            [
              77.723803,
              12.988998
            ],
            [
              77.723796,
              12.989022
            ],
            [
              77.723925,
              12.989001
            ],
            [
              77.723951,
              12.988906
            ],
            [
              77.723951,
              12.988906
            ],
            [
              77.723877,
              12.988883
            ],
            [
              77.723865,
              12.98891
            ],
            [
              77.723811,
              12.988889
            ],
            [
              77.723703,
              12.988906
            ],
            [
              77.723724,
              12.989034
            ],
            [
              77.723766,
              12.989027
            ]
          ]
        ]
      }
    },
    {
      "type": "Feature",
      "properties": {
        "id_3d_ulpin": "KA-BLR-00042-F03-U01",
        "base_ulpin": "KA-BLR-00042",
        "floor": 3,
        "unit_letter": "A",
        "z_min": 7.0,
        "z_max": 10.5,
        "owner_name": "Farhan Sheikh",
        "purchase_date": "2025-01-05",
        "status": "Registered",
        "source": "mock",
        "geometry_source": "real"
      },
      "geometry": {
        "type": "Polygon",
        "coordinates": [
          [
            [
              77.723578,
              12.989189
            ],
            [
              77.723681,
              12.989152
            ],
            [
              77.723709,
              12.989138
            ],
            [
              77.723727,
              12.989165
            ],
            [
              77.723727,
              12.989165
            ],
            [
              77.723745,
              12.989161
            ],
            [
              77.723724,
              12.989034
            ],
            [
              77.723677,
              12.989041
            ],
            [
              77.723698,
              12.989045
            ],
            [
              77.723695,
              12.989085
            ],
            [
              77.72366,
              12.98909
            ],
            [
              77.723632,
              12.989048
            ],
            [
              77.723518,
              12.989067
            ],
            [
              77.723578,
              12.989189
            ],
            [
              77.723578,
              12.989189
            ]
          ]
        ]
      }
    },
    {
      "type": "Feature",
      "properties": {
        "id_3d_ulpin": "KA-BLR-00042-F03-U02",
        "base_ulpin": "KA-BLR-00042",
        "floor": 3,
        "unit_letter": "B",
        "z_min": 7.0,
        "z_max": 10.5,
        "owner_name": "Ritu Kapoor",
        "purchase_date": "2023-03-31",
        "status": "Registered",
        "source": "mock",
        "geometry_source": "real"
      },
      "geometry": {
        "type": "Polygon",
        "coordinates": [
          [
            [
              77.723796,
              12.989022
            ],
            [
              77.723787,
              12.989056
            ],
            [
              77.723753,
              12.989062
            ],
            [
              77.723741,
              12.989038
            ],
            [
              77.723765,
              12.989038
            ],
            [
              77.723766,
              12.989027
            ],
            [
              77.723724,
              12.989034
            ],
            [
              77.723745,
              12.989161
            ],
            [
              77.723765,
              12.989157
            ],
            [
              77.72374,
              12.989096
            ],
            [
              77.723785,
              12.989092
            ],
            [
              77.723897,
              12.989102
            ],
            [
              77.723925,
              12.989001
            ],
            [
              77.723796,
              12.989022
            ]
          ]
        ]
      }
    },
    {
      "type": "Feature",
      "properties": {
        "id_3d_ulpin": "KA-BLR-00042-F03-U03",
        "base_ulpin": "KA-BLR-00042",
        "floor": 3,
        "unit_letter": "C",
        "z_min": 7.0,
        "z_max": 10.5,
        "owner_name": "Karan Malhotra",
        "purchase_date": "2022-04-15",
        "status": "Registered",
        "source": "mock",
        "geometry_source": "real"
      },
      "geometry": {
        "type": "Polygon",
        "coordinates": [
          [
            [
              77.723632,
              12.989048
            ],
            [
              77.723609,
              12.989014
            ],
            [
              77.723661,
              12.989009
            ],
            [
              77.723664,
              12.989039
            ],
            [
              77.723677,
              12.989041
            ],
            [
              77.723724,
              12.989034
            ],
            [
              77.723703,
              12.988906
            ],
            [
              77.723542,
              12.988931
            ],
            [
              77.723462,
              12.988953
            ],
            [
              77.723518,
              12.989067
            ],
            [
              77.723632,
              12.989048
            ]
          ]
        ]
      }
    },
    {
      "type": "Feature",
      "properties": {
        "id_3d_ulpin": "KA-BLR-00042-F03-U04",
        "base_ulpin": "KA-BLR-00042",
        "floor": 3,
        "unit_letter": "D",
        "z_min": 7.0,
        "z_max": 10.5,
        "owner_name": "Siddharth Rao",
        "purchase_date": "2025-12-08",
        "status": "Registered",
        "source": "mock",
        "geometry_source": "real"
      },
      "geometry": {
        "type": "Polygon",
        "coordinates": [
          [
            [
              77.723766,
              12.989027
            ],
            [
              77.723772,
              12.988984
            ],
            [
              77.723803,
              12.988998
            ],
            [
              77.723796,
              12.989022
            ],
            [
              77.723925,
              12.989001
            ],
            [
              77.723951,
              12.988906
            ],
            [
              77.723951,
              12.988906
            ],
            [
              77.723877,
              12.988883
            ],
            [
              77.723865,
              12.98891
            ],
            [
              77.723811,
              12.988889
            ],
            [
              77.723703,
              12.988906
            ],
            [
              77.723724,
              12.989034
            ],
            [
              77.723766,
              12.989027
            ]
          ]
        ]
      }
    },
    {
      "type": "Feature",
      "properties": {
        "id_3d_ulpin": "KA-BLR-00042-F04-U01",
        "base_ulpin": "KA-BLR-00042",
        "floor": 4,
        "unit_letter": "A",
        "z_min": 10.5,
        "z_max": 14.0,
        "owner_name": "Aisha Khan",
        "purchase_date": "2023-01-21",
        "status": "Pending Verification",
        "source": "mock",
        "geometry_source": "real"
      },
      "geometry": {
        "type": "Polygon",
        "coordinates": [
          [
            [
              77.723578,
              12.989189
            ],
            [
              77.723681,
              12.989152
            ],
            [
              77.723709,
              12.989138
            ],
            [
              77.723727,
              12.989165
            ],
            [
              77.723727,
              12.989165
            ],
            [
              77.723745,
              12.989161
            ],
            [
              77.723724,
              12.989034
            ],
            [
              77.723677,
              12.989041
            ],
            [
              77.723698,
              12.989045
            ],
            [
              77.723695,
              12.989085
            ],
            [
              77.72366,
              12.98909
            ],
            [
              77.723632,
              12.989048
            ],
            [
              77.723518,
              12.989067
            ],
            [
              77.723578,
              12.989189
            ],
            [
              77.723578,
              12.989189
            ]
          ]
        ]
      }
    },
    {
      "type": "Feature",
      "properties": {
        "id_3d_ulpin": "KA-BLR-00042-F04-U02",
        "base_ulpin": "KA-BLR-00042",
        "floor": 4,
        "unit_letter": "B",
        "z_min": 10.5,
        "z_max": 14.0,
        "owner_name": "Ravi Subramaniam",
        "purchase_date": "2019-10-12",
        "status": "Registered",
        "source": "mock",
        "geometry_source": "real"
      },
      "geometry": {
        "type": "Polygon",
        "coordinates": [
          [
            [
              77.723796,
              12.989022
            ],
            [
              77.723787,
              12.989056
            ],
            [
              77.723753,
              12.989062
            ],
            [
              77.723741,
              12.989038
            ],
            [
              77.723765,
              12.989038
            ],
            [
              77.723766,
              12.989027
            ],
            [
              77.723724,
              12.989034
            ],
            [
              77.723745,
              12.989161
            ],
            [
              77.723765,
              12.989157
            ],
            [
              77.72374,
              12.989096
            ],
            [
              77.723785,
              12.989092
            ],
            [
              77.723897,
              12.989102
            ],
            [
              77.723925,
              12.989001
            ],
            [
              77.723796,
              12.989022
            ]
          ]
        ]
      }
    },
    {
      "type": "Feature",
      "properties": {
        "id_3d_ulpin": "KA-BLR-00042-F04-U03",
        "base_ulpin": "KA-BLR-00042",
        "floor": 4,
        "unit_letter": "C",
        "z_min": 10.5,
        "z_max": 14.0,
        "owner_name": "Sanjay Bhatt",
        "purchase_date": "2021-07-22",
        "status": "Registered",
        "source": "mock",
        "geometry_source": "real"
      },
      "geometry": {
        "type": "Polygon",
        "coordinates": [
          [
            [
              77.723632,
              12.989048
            ],
            [
              77.723609,
              12.989014
            ],
            [
              77.723661,
              12.989009
            ],
            [
              77.723664,
              12.989039
            ],
            [
              77.723677,
              12.989041
            ],
            [
              77.723724,
              12.989034
            ],
            [
              77.723703,
              12.988906
            ],
            [
              77.723542,
              12.988931
            ],
            [
              77.723462,
              12.988953
            ],
            [
              77.723518,
              12.989067
            ],
            [
              77.723632,
              12.989048
            ]
          ]
        ]
      }
    },
    {
      "type": "Feature",
      "properties": {
        "id_3d_ulpin": "KA-BLR-00042-F04-U04",
        "base_ulpin": "KA-BLR-00042",
        "floor": 4,
        "unit_letter": "D",
        "z_min": 10.5,
        "z_max": 14.0,
        "owner_name": "Devansh Gupta",
        "purchase_date": "2019-11-23",
        "status": "Registered",
        "source": "mock",
        "geometry_source": "real"
      },
      "geometry": {
        "type": "Polygon",
        "coordinates": [
          [
            [
              77.723766,
              12.989027
            ],
            [
              77.723772,
              12.988984
            ],
            [
              77.723803,
              12.988998
            ],
            [
              77.723796,
              12.989022
            ],
            [
              77.723925,
              12.989001
            ],
            [
              77.723951,
              12.988906
            ],
            [
              77.723951,
              12.988906
            ],
            [
              77.723877,
              12.988883
            ],
            [
              77.723865,
              12.98891
            ],
            [
              77.723811,
              12.988889
            ],
            [
              77.723703,
              12.988906
            ],
            [
              77.723724,
              12.989034
            ],
            [
              77.723766,
              12.989027
            ]
          ]
        ]
      }
    },
    {
      "type": "Feature",
      "properties": {
        "id_3d_ulpin": "KA-BLR-00042-F05-U01",
        "base_ulpin": "KA-BLR-00042",
        "floor": 5,
        "unit_letter": "A",
        "z_min": 14.0,
        "z_max": 17.5,
        "owner_name": "Vikram Shetty",
        "purchase_date": "2020-02-18",
        "status": "Pending Verification",
        "source": "mock",
        "geometry_source": "real"
      },
      "geometry": {
        "type": "Polygon",
        "coordinates": [
          [
            [
              77.723578,
              12.989189
            ],
            [
              77.723681,
              12.989152
            ],
            [
              77.723709,
              12.989138
            ],
            [
              77.723727,
              12.989165
            ],
            [
              77.723727,
              12.989165
            ],
            [
              77.723745,
              12.989161
            ],
            [
              77.723724,
              12.989034
            ],
            [
              77.723677,
              12.989041
            ],
            [
              77.723698,
              12.989045
            ],
            [
              77.723695,
              12.989085
            ],
            [
              77.72366,
              12.98909
            ],
            [
              77.723632,
              12.989048
            ],
            [
              77.723518,
              12.989067
            ],
            [
              77.723578,
              12.989189
            ],
            [
              77.723578,
              12.989189
            ]
          ]
        ]
      }
    },
    {
      "type": "Feature",
      "properties": {
        "id_3d_ulpin": "KA-BLR-00042-F05-U02",
        "base_ulpin": "KA-BLR-00042",
        "floor": 5,
        "unit_letter": "B",
        "z_min": 14.0,
        "z_max": 17.5,
        "owner_name": "Lakshmi Menon",
        "purchase_date": "2024-02-01",
        "status": "Registered",
        "source": "mock",
        "geometry_source": "real"
      },
      "geometry": {
        "type": "Polygon",
        "coordinates": [
          [
            [
              77.723796,
              12.989022
            ],
            [
              77.723787,
              12.989056
            ],
            [
              77.723753,
              12.989062
            ],
            [
              77.723741,
              12.989038
            ],
            [
              77.723765,
              12.989038
            ],
            [
              77.723766,
              12.989027
            ],
            [
              77.723724,
              12.989034
            ],
            [
              77.723745,
              12.989161
            ],
            [
              77.723765,
              12.989157
            ],
            [
              77.72374,
              12.989096
            ],
            [
              77.723785,
              12.989092
            ],
            [
              77.723897,
              12.989102
            ],
            [
              77.723925,
              12.989001
            ],
            [
              77.723796,
              12.989022
            ]
          ]
        ]
      }
    },
    {
      "type": "Feature",
      "properties": {
        "id_3d_ulpin": "KA-BLR-00042-F05-U03",
        "base_ulpin": "KA-BLR-00042",
        "floor": 5,
        "unit_letter": "C",
        "z_min": 14.0,
        "z_max": 17.5,
        "owner_name": "Uday Chauhan",
        "purchase_date": "2023-02-03",
        "status": "Registered",
        "source": "mock",
        "geometry_source": "real"
      },
      "geometry": {
        "type": "Polygon",
        "coordinates": [
          [
            [
              77.723632,
              12.989048
            ],
            [
              77.723609,
              12.989014
            ],
            [
              77.723661,
              12.989009
            ],
            [
              77.723664,
              12.989039
            ],
            [
              77.723677,
              12.989041
            ],
            [
              77.723724,
              12.989034
            ],
            [
              77.723703,
              12.988906
            ],
            [
              77.723542,
              12.988931
            ],
            [
              77.723462,
              12.988953
            ],
            [
              77.723518,
              12.989067
            ],
            [
              77.723632,
              12.989048
            ]
          ]
        ]
      }
    },
    {
      "type": "Feature",
      "properties": {
        "id_3d_ulpin": "KA-BLR-00042-F05-U04",
        "base_ulpin": "KA-BLR-00042",
        "floor": 5,
        "unit_letter": "D",
        "z_min": 14.0,
        "z_max": 17.5,
        "owner_name": "Priya Nair",
        "purchase_date": "2022-12-26",
        "status": "Registered",
        "source": "mock",
        "geometry_source": "real"
      },
      "geometry": {
        "type": "Polygon",
        "coordinates": [
          [
            [
              77.723766,
              12.989027
            ],
            [
              77.723772,
              12.988984
            ],
            [
              77.723803,
              12.988998
            ],
            [
              77.723796,
              12.989022
            ],
            [
              77.723925,
              12.989001
            ],
            [
              77.723951,
              12.988906
            ],
            [
              77.723951,
              12.988906
            ],
            [
              77.723877,
              12.988883
            ],
            [
              77.723865,
              12.98891
            ],
            [
              77.723811,
              12.988889
            ],
            [
              77.723703,
              12.988906
            ],
            [
              77.723724,
              12.989034
            ],
            [
              77.723766,
              12.989027
            ]
          ]
        ]
      }
    },
    {
      "type": "Feature",
      "properties": {
        "id_3d_ulpin": "KA-BLR-00042-F06-U01",
        "base_ulpin": "KA-BLR-00042",
        "floor": 6,
        "unit_letter": "A",
        "z_min": 17.5,
        "z_max": 21.0,
        "owner_name": "Tanvi Agarwal",
        "purchase_date": "2021-12-29",
        "status": "Registered",
        "source": "mock",
        "geometry_source": "real"
      },
      "geometry": {
        "type": "Polygon",
        "coordinates": [
          [
            [
              77.723578,
              12.989189
            ],
            [
              77.723681,
              12.989152
            ],
            [
              77.723709,
              12.989138
            ],
            [
              77.723727,
              12.989165
            ],
            [
              77.723727,
              12.989165
            ],
            [
              77.723745,
              12.989161
            ],
            [
              77.723724,
              12.989034
            ],
            [
              77.723677,
              12.989041
            ],
            [
              77.723698,
              12.989045
            ],
            [
              77.723695,
              12.989085
            ],
            [
              77.72366,
              12.98909
            ],
            [
              77.723632,
              12.989048
            ],
            [
              77.723518,
              12.989067
            ],
            [
              77.723578,
              12.989189
            ],
            [
              77.723578,
              12.989189
            ]
          ]
        ]
      }
    },
    {
      "type": "Feature",
      "properties": {
        "id_3d_ulpin": "KA-BLR-00042-F06-U02",
        "base_ulpin": "KA-BLR-00042",
        "floor": 6,
        "unit_letter": "B",
        "z_min": 17.5,
        "z_max": 21.0,
        "owner_name": "Kiran Bhat",
        "purchase_date": "2019-10-20",
        "status": "Registered",
        "source": "mock",
        "geometry_source": "real"
      },
      "geometry": {
        "type": "Polygon",
        "coordinates": [
          [
            [
              77.723796,
              12.989022
            ],
            [
              77.723787,
              12.989056
            ],
            [
              77.723753,
              12.989062
            ],
            [
              77.723741,
              12.989038
            ],
            [
              77.723765,
              12.989038
            ],
            [
              77.723766,
              12.989027
            ],
            [
              77.723724,
              12.989034
            ],
            [
              77.723745,
              12.989161
            ],
            [
              77.723765,
              12.989157
            ],
            [
              77.72374,
              12.989096
            ],
            [
              77.723785,
              12.989092
            ],
            [
              77.723897,
              12.989102
            ],
            [
              77.723925,
              12.989001
            ],
            [
              77.723796,
              12.989022
            ]
          ]
        ]
      }
    },
    {
      "type": "Feature",
      "properties": {
        "id_3d_ulpin": "KA-BLR-00042-F06-U03",
        "base_ulpin": "KA-BLR-00042",
        "floor": 6,
        "unit_letter": "C",
        "z_min": 17.5,
        "z_max": 21.0,
        "owner_name": "Kavya Iyer",
        "purchase_date": "2020-12-01",
        "status": "Registered",
        "source": "mock",
        "geometry_source": "real"
      },
      "geometry": {
        "type": "Polygon",
        "coordinates": [
          [
            [
              77.723632,
              12.989048
            ],
            [
              77.723609,
              12.989014
            ],
            [
              77.723661,
              12.989009
            ],
            [
              77.723664,
              12.989039
            ],
            [
              77.723677,
              12.989041
            ],
            [
              77.723724,
              12.989034
            ],
            [
              77.723703,
              12.988906
            ],
            [
              77.723542,
              12.988931
            ],
            [
              77.723462,
              12.988953
            ],
            [
              77.723518,
              12.989067
            ],
            [
              77.723632,
              12.989048
            ]
          ]
        ]
      }
    },
    {
      "type": "Feature",
      "properties": {
        "id_3d_ulpin": "KA-BLR-00042-F06-U04",
        "base_ulpin": "KA-BLR-00042",
        "floor": 6,
        "unit_letter": "D",
        "z_min": 17.5,
        "z_max": 21.0,
        "owner_name": "Anjali Pillai",
        "purchase_date": "2021-09-29",
        "status": "Registered",
        "source": "mock",
        "geometry_source": "real"
      },
      "geometry": {
        "type": "Polygon",
        "coordinates": [
          [
            [
              77.723766,
              12.989027
            ],
            [
              77.723772,
              12.988984
            ],
            [
              77.723803,
              12.988998
            ],
            [
              77.723796,
              12.989022
            ],
            [
              77.723925,
              12.989001
            ],
            [
              77.723951,
              12.988906
            ],
            [
              77.723951,
              12.988906
            ],
            [
              77.723877,
              12.988883
            ],
            [
              77.723865,
              12.98891
            ],
            [
              77.723811,
              12.988889
            ],
            [
              77.723703,
              12.988906
            ],
            [
              77.723724,
              12.989034
            ],
            [
              77.723766,
              12.989027
            ]
          ]
        ]
      }
    },
    {
      "type": "Feature",
      "properties": {
        "id_3d_ulpin": "KA-BLR-00042-F07-U01",
        "base_ulpin": "KA-BLR-00042",
        "floor": 7,
        "unit_letter": "A",
        "z_min": 21.0,
        "z_max": 24.5,
        "owner_name": "Aditya Verma",
        "purchase_date": "2023-04-04",
        "status": "Registered",
        "source": "mock",
        "geometry_source": "real"
      },
      "geometry": {
        "type": "Polygon",
        "coordinates": [
          [
            [
              77.723578,
              12.989189
            ],
            [
              77.723681,
              12.989152
            ],
            [
              77.723709,
              12.989138
            ],
            [
              77.723727,
              12.989165
            ],
            [
              77.723727,
              12.989165
            ],
            [
              77.723745,
              12.989161
            ],
            [
              77.723724,
              12.989034
            ],
            [
              77.723677,
              12.989041
            ],
            [
              77.723698,
              12.989045
            ],
            [
              77.723695,
              12.989085
            ],
            [
              77.72366,
              12.98909
            ],
            [
              77.723632,
              12.989048
            ],
            [
              77.723518,
              12.989067
            ],
            [
              77.723578,
              12.989189
            ],
            [
              77.723578,
              12.989189
            ]
          ]
        ]
      }
    },
    {
      "type": "Feature",
      "properties": {
        "id_3d_ulpin": "KA-BLR-00042-F07-U02",
        "base_ulpin": "KA-BLR-00042",
        "floor": 7,
        "unit_letter": "B",
        "z_min": 21.0,
        "z_max": 24.5,
        "owner_name": "Meera Pillai",
        "purchase_date": "2025-03-31",
        "status": "Registered",
        "source": "mock",
        "geometry_source": "real"
      },
      "geometry": {
        "type": "Polygon",
        "coordinates": [
          [
            [
              77.723796,
              12.989022
            ],
            [
              77.723787,
              12.989056
            ],
            [
              77.723753,
              12.989062
            ],
            [
              77.723741,
              12.989038
            ],
            [
              77.723765,
              12.989038
            ],
            [
              77.723766,
              12.989027
            ],
            [
              77.723724,
              12.989034
            ],
            [
              77.723745,
              12.989161
            ],
            [
              77.723765,
              12.989157
            ],
            [
              77.72374,
              12.989096
            ],
            [
              77.723785,
              12.989092
            ],
            [
              77.723897,
              12.989102
            ],
            [
              77.723925,
              12.989001
            ],
            [
              77.723796,
              12.989022
            ]
          ]
        ]
      }
    },
    {
      "type": "Feature",
      "properties": {
        "id_3d_ulpin": "KA-BLR-00042-F07-U03",
        "base_ulpin": "KA-BLR-00042",
        "floor": 7,
        "unit_letter": "C",
        "z_min": 21.0,
        "z_max": 24.5,
        "owner_name": "Manish Trivedi",
        "purchase_date": "2022-08-21",
        "status": "Registered",
        "source": "mock",
        "geometry_source": "real"
      },
      "geometry": {
        "type": "Polygon",
        "coordinates": [
          [
            [
              77.723632,
              12.989048
            ],
            [
              77.723609,
              12.989014
            ],
            [
              77.723661,
              12.989009
            ],
            [
              77.723664,
              12.989039
            ],
            [
              77.723677,
              12.989041
            ],
            [
              77.723724,
              12.989034
            ],
            [
              77.723703,
              12.988906
            ],
            [
              77.723542,
              12.988931
            ],
            [
              77.723462,
              12.988953
            ],
            [
              77.723518,
              12.989067
            ],
            [
              77.723632,
              12.989048
            ]
          ]
        ]
      }
    },
    {
      "type": "Feature",
      "properties": {
        "id_3d_ulpin": "KA-BLR-00042-F07-U04",
        "base_ulpin": "KA-BLR-00042",
        "floor": 7,
        "unit_letter": "D",
        "z_min": 21.0,
        "z_max": 24.5,
        "owner_name": "Ananya Rao",
        "purchase_date": "2019-08-18",
        "status": "Pending Verification",
        "source": "mock",
        "geometry_source": "real"
      },
      "geometry": {
        "type": "Polygon",
        "coordinates": [
          [
            [
              77.723766,
              12.989027
            ],
            [
              77.723772,
              12.988984
            ],
            [
              77.723803,
              12.988998
            ],
            [
              77.723796,
              12.989022
            ],
            [
              77.723925,
              12.989001
            ],
            [
              77.723951,
              12.988906
            ],
            [
              77.723951,
              12.988906
            ],
            [
              77.723877,
              12.988883
            ],
            [
              77.723865,
              12.98891
            ],
            [
              77.723811,
              12.988889
            ],
            [
              77.723703,
              12.988906
            ],
            [
              77.723724,
              12.989034
            ],
            [
              77.723766,
              12.989027
            ]
          ]
        ]
      }
    },
    {
      "type": "Feature",
      "properties": {
        "id_3d_ulpin": "KA-BLR-00042-F08-U01",
        "base_ulpin": "KA-BLR-00042",
        "floor": 8,
        "unit_letter": "A",
        "z_min": 24.5,
        "z_max": 28.0,
        "owner_name": "Arjun Mehta",
        "purchase_date": "2019-05-12",
        "status": "Registered",
        "source": "mock",
        "geometry_source": "real"
      },
      "geometry": {
        "type": "Polygon",
        "coordinates": [
          [
            [
              77.723578,
              12.989189
            ],
            [
              77.723681,
              12.989152
            ],
            [
              77.723709,
              12.989138
            ],
            [
              77.723727,
              12.989165
            ],
            [
              77.723727,
              12.989165
            ],
            [
              77.723745,
              12.989161
            ],
            [
              77.723724,
              12.989034
            ],
            [
              77.723677,
              12.989041
            ],
            [
              77.723698,
              12.989045
            ],
            [
              77.723695,
              12.989085
            ],
            [
              77.72366,
              12.98909
            ],
            [
              77.723632,
              12.989048
            ],
            [
              77.723518,
              12.989067
            ],
            [
              77.723578,
              12.989189
            ],
            [
              77.723578,
              12.989189
            ]
          ]
        ]
      }
    },
    {
      "type": "Feature",
      "properties": {
        "id_3d_ulpin": "KA-BLR-00042-F08-U02",
        "base_ulpin": "KA-BLR-00042",
        "floor": 8,
        "unit_letter": "B",
        "z_min": 24.5,
        "z_max": 28.0,
        "owner_name": "Neha Kulkarni",
        "purchase_date": "2023-07-02",
        "status": "Registered",
        "source": "mock",
        "geometry_source": "real"
      },
      "geometry": {
        "type": "Polygon",
        "coordinates": [
          [
            [
              77.723796,
              12.989022
            ],
            [
              77.723787,
              12.989056
            ],
            [
              77.723753,
              12.989062
            ],
            [
              77.723741,
              12.989038
            ],
            [
              77.723765,
              12.989038
            ],
            [
              77.723766,
              12.989027
            ],
            [
              77.723724,
              12.989034
            ],
            [
              77.723745,
              12.989161
            ],
            [
              77.723765,
              12.989157
            ],
            [
              77.72374,
              12.989096
            ],
            [
              77.723785,
              12.989092
            ],
            [
              77.723897,
              12.989102
            ],
            [
              77.723925,
              12.989001
            ],
            [
              77.723796,
              12.989022
            ]
          ]
        ]
      }
    },
    {
      "type": "Feature",
      "properties": {
        "id_3d_ulpin": "KA-BLR-00042-F08-U03",
        "base_ulpin": "KA-BLR-00042",
        "floor": 8,
        "unit_letter": "C",
        "z_min": 24.5,
        "z_max": 28.0,
        "owner_name": "Zoya Khan",
        "purchase_date": "2021-05-14",
        "status": "Registered",
        "source": "mock",
        "geometry_source": "real"
      },
      "geometry": {
        "type": "Polygon",
        "coordinates": [
          [
            [
              77.723632,
              12.989048
            ],
            [
              77.723609,
              12.989014
            ],
            [
              77.723661,
              12.989009
            ],
            [
              77.723664,
              12.989039
            ],
            [
              77.723677,
              12.989041
            ],
            [
              77.723724,
              12.989034
            ],
            [
              77.723703,
              12.988906
            ],
            [
              77.723542,
              12.988931
            ],
            [
              77.723462,
              12.988953
            ],
            [
              77.723518,
              12.989067
            ],
            [
              77.723632,
              12.989048
            ]
          ]
        ]
      }
    },
    {
      "type": "Feature",
      "properties": {
        "id_3d_ulpin": "KA-BLR-00042-F08-U04",
        "base_ulpin": "KA-BLR-00042",
        "floor": 8,
        "unit_letter": "D",
        "z_min": 24.5,
        "z_max": 28.0,
        "owner_name": "Nikhil Joshi",
        "purchase_date": "2025-05-12",
        "status": "Pending Verification",
        "source": "mock",
        "geometry_source": "real"
      },
      "geometry": {
        "type": "Polygon",
        "coordinates": [
          [
            [
              77.723766,
              12.989027
            ],
            [
              77.723772,
              12.988984
            ],
            [
              77.723803,
              12.988998
            ],
            [
              77.723796,
              12.989022
            ],
            [
              77.723925,
              12.989001
            ],
            [
              77.723951,
              12.988906
            ],
            [
              77.723951,
              12.988906
            ],
            [
              77.723877,
              12.988883
            ],
            [
              77.723865,
              12.98891
            ],
            [
              77.723811,
              12.988889
            ],
            [
              77.723703,
              12.988906
            ],
            [
              77.723724,
              12.989034
            ],
            [
              77.723766,
              12.989027
            ]
          ]
        ]
      }
    },
    {
      "type": "Feature",
      "properties": {
        "id_3d_ulpin": "KA-BLR-00042-F09-U01",
        "base_ulpin": "KA-BLR-00042",
        "floor": 9,
        "unit_letter": "A",
        "z_min": 28.0,
        "z_max": 31.5,
        "owner_name": "Divya Reddy",
        "purchase_date": "2022-07-12",
        "status": "Pending Verification",
        "source": "mock",
        "geometry_source": "real"
      },
      "geometry": {
        "type": "Polygon",
        "coordinates": [
          [
            [
              77.723578,
              12.989189
            ],
            [
              77.723681,
              12.989152
            ],
            [
              77.723709,
              12.989138
            ],
            [
              77.723727,
              12.989165
            ],
            [
              77.723727,
              12.989165
            ],
            [
              77.723745,
              12.989161
            ],
            [
              77.723724,
              12.989034
            ],
            [
              77.723677,
              12.989041
            ],
            [
              77.723698,
              12.989045
            ],
            [
              77.723695,
              12.989085
            ],
            [
              77.72366,
              12.98909
            ],
            [
              77.723632,
              12.989048
            ],
            [
              77.723518,
              12.989067
            ],
            [
              77.723578,
              12.989189
            ],
            [
              77.723578,
              12.989189
            ]
          ]
        ]
      }
    },
    {
      "type": "Feature",
      "properties": {
        "id_3d_ulpin": "KA-BLR-00042-F09-U02",
        "base_ulpin": "KA-BLR-00042",
        "floor": 9,
        "unit_letter": "B",
        "z_min": 28.0,
        "z_max": 31.5,
        "owner_name": "Fatima Sheikh",
        "purchase_date": "2024-08-06",
        "status": "Registered",
        "source": "mock",
        "geometry_source": "real"
      },
      "geometry": {
        "type": "Polygon",
        "coordinates": [
          [
            [
              77.723796,
              12.989022
            ],
            [
              77.723787,
              12.989056
            ],
            [
              77.723753,
              12.989062
            ],
            [
              77.723741,
              12.989038
            ],
            [
              77.723765,
              12.989038
            ],
            [
              77.723766,
              12.989027
            ],
            [
              77.723724,
              12.989034
            ],
            [
              77.723745,
              12.989161
            ],
            [
              77.723765,
              12.989157
            ],
            [
              77.72374,
              12.989096
            ],
            [
              77.723785,
              12.989092
            ],
            [
              77.723897,
              12.989102
            ],
            [
              77.723925,
              12.989001
            ],
            [
              77.723796,
              12.989022
            ]
          ]
        ]
      }
    },
    {
      "type": "Feature",
      "properties": {
        "id_3d_ulpin": "KA-BLR-00042-F09-U03",
        "base_ulpin": "KA-BLR-00042",
        "floor": 9,
        "unit_letter": "C",
        "z_min": 28.0,
        "z_max": 31.5,
        "owner_name": "Pooja Hegde",
        "purchase_date": "2024-02-23",
        "status": "Registered",
        "source": "mock",
        "geometry_source": "real"
      },
      "geometry": {
        "type": "Polygon",
        "coordinates": [
          [
            [
              77.723632,
              12.989048
            ],
            [
              77.723609,
              12.989014
            ],
            [
              77.723661,
              12.989009
            ],
            [
              77.723664,
              12.989039
            ],
            [
              77.723677,
              12.989041
            ],
            [
              77.723724,
              12.989034
            ],
            [
              77.723703,
              12.988906
            ],
            [
              77.723542,
              12.988931
            ],
            [
              77.723462,
              12.988953
            ],
            [
              77.723518,
              12.989067
            ],
            [
              77.723632,
              12.989048
            ]
          ]
        ]
      }
    },
    {
      "type": "Feature",
      "properties": {
        "id_3d_ulpin": "KA-BLR-00042-F09-U04",
        "base_ulpin": "KA-BLR-00042",
        "floor": 9,
        "unit_letter": "D",
        "z_min": 28.0,
        "z_max": 31.5,
        "owner_name": "Sneha Desai",
        "purchase_date": "2020-07-25",
        "status": "Registered",
        "source": "mock",
        "geometry_source": "real"
      },
      "geometry": {
        "type": "Polygon",
        "coordinates": [
          [
            [
              77.723766,
              12.989027
            ],
            [
              77.723772,
              12.988984
            ],
            [
              77.723803,
              12.988998
            ],
            [
              77.723796,
              12.989022
            ],
            [
              77.723925,
              12.989001
            ],
            [
              77.723951,
              12.988906
            ],
            [
              77.723951,
              12.988906
            ],
            [
              77.723877,
              12.988883
            ],
            [
              77.723865,
              12.98891
            ],
            [
              77.723811,
              12.988889
            ],
            [
              77.723703,
              12.988906
            ],
            [
              77.723724,
              12.989034
            ],
            [
              77.723766,
              12.989027
            ]
          ]
        ]
      }
    },
    {
      "type": "Feature",
      "properties": {
        "id_3d_ulpin": "KA-BLR-00042-F10-U01",
        "base_ulpin": "KA-BLR-00042",
        "floor": 10,
        "unit_letter": "A",
        "z_min": 31.5,
        "z_max": 35.0,
        "owner_name": "Rohan Kulkarni",
        "purchase_date": "2025-04-18",
        "status": "Registered",
        "source": "mock",
        "geometry_source": "real"
      },
      "geometry": {
        "type": "Polygon",
        "coordinates": [
          [
            [
              77.723578,
              12.989189
            ],
            [
              77.723681,
              12.989152
            ],
            [
              77.723709,
              12.989138
            ],
            [
              77.723727,
              12.989165
            ],
            [
              77.723727,
              12.989165
            ],
            [
              77.723745,
              12.989161
            ],
            [
              77.723724,
              12.989034
            ],
            [
              77.723677,
              12.989041
            ],
            [
              77.723698,
              12.989045
            ],
            [
              77.723695,
              12.989085
            ],
            [
              77.72366,
              12.98909
            ],
            [
              77.723632,
              12.989048
            ],
            [
              77.723518,
              12.989067
            ],
            [
              77.723578,
              12.989189
            ],
            [
              77.723578,
              12.989189
            ]
          ]
        ]
      }
    },
    {
      "type": "Feature",
      "properties": {
        "id_3d_ulpin": "KA-BLR-00042-F10-U02",
        "base_ulpin": "KA-BLR-00042",
        "floor": 10,
        "unit_letter": "B",
        "z_min": 31.5,
        "z_max": 35.0,
        "owner_name": "Ishaan Bose",
        "purchase_date": "2025-07-22",
        "status": "Registered",
        "source": "mock",
        "geometry_source": "real"
      },
      "geometry": {
        "type": "Polygon",
        "coordinates": [
          [
            [
              77.723796,
              12.989022
            ],
            [
              77.723787,
              12.989056
            ],
            [
              77.723753,
              12.989062
            ],
            [
              77.723741,
              12.989038
            ],
            [
              77.723765,
              12.989038
            ],
            [
              77.723766,
              12.989027
            ],
            [
              77.723724,
              12.989034
            ],
            [
              77.723745,
              12.989161
            ],
            [
              77.723765,
              12.989157
            ],
            [
              77.72374,
              12.989096
            ],
            [
              77.723785,
              12.989092
            ],
            [
              77.723897,
              12.989102
            ],
            [
              77.723925,
              12.989001
            ],
            [
              77.723796,
              12.989022
            ]
          ]
        ]
      }
    },
    {
      "type": "Feature",
      "properties": {
        "id_3d_ulpin": "KA-BLR-00042-F10-U03",
        "base_ulpin": "KA-BLR-00042",
        "floor": 10,
        "unit_letter": "C",
        "z_min": 31.5,
        "z_max": 35.0,
        "owner_name": "Farhan Sheikh",
        "purchase_date": "2025-07-18",
        "status": "Registered",
        "source": "mock",
        "geometry_source": "real"
      },
      "geometry": {
        "type": "Polygon",
        "coordinates": [
          [
            [
              77.723632,
              12.989048
            ],
            [
              77.723609,
              12.989014
            ],
            [
              77.723661,
              12.989009
            ],
            [
              77.723664,
              12.989039
            ],
            [
              77.723677,
              12.989041
            ],
            [
              77.723724,
              12.989034
            ],
            [
              77.723703,
              12.988906
            ],
            [
              77.723542,
              12.988931
            ],
            [
              77.723462,
              12.988953
            ],
            [
              77.723518,
              12.989067
            ],
            [
              77.723632,
              12.989048
            ]
          ]
        ]
      }
    },
    {
      "type": "Feature",
      "properties": {
        "id_3d_ulpin": "KA-BLR-00042-F10-U04",
        "base_ulpin": "KA-BLR-00042",
        "floor": 10,
        "unit_letter": "D",
        "z_min": 31.5,
        "z_max": 35.0,
        "owner_name": "Ritu Kapoor",
        "purchase_date": "2021-06-17",
        "status": "Registered",
        "source": "mock",
        "geometry_source": "real"
      },
      "geometry": {
        "type": "Polygon",
        "coordinates": [
          [
            [
              77.723766,
              12.989027
            ],
            [
              77.723772,
              12.988984
            ],
            [
              77.723803,
              12.988998
            ],
            [
              77.723796,
              12.989022
            ],
            [
              77.723925,
              12.989001
            ],
            [
              77.723951,
              12.988906
            ],
            [
              77.723951,
              12.988906
            ],
            [
              77.723877,
              12.988883
            ],
            [
              77.723865,
              12.98891
            ],
            [
              77.723811,
              12.988889
            ],
            [
              77.723703,
              12.988906
            ],
            [
              77.723724,
              12.989034
            ],
            [
              77.723766,
              12.989027
            ]
          ]
        ]
      }
    },
    {
      "type": "Feature",
      "properties": {
        "id_3d_ulpin": "KA-BLR-00042-F11-U01",
        "base_ulpin": "KA-BLR-00042",
        "floor": 11,
        "unit_letter": "A",
        "z_min": 35.0,
        "z_max": 38.5,
        "owner_name": "Unallotted / Developer Inventory",
        "purchase_date": null,
        "status": "Vacant / Available",
        "source": "mock",
        "geometry_source": "real"
      },
      "geometry": {
        "type": "Polygon",
        "coordinates": [
          [
            [
              77.723578,
              12.989189
            ],
            [
              77.723681,
              12.989152
            ],
            [
              77.723709,
              12.989138
            ],
            [
              77.723727,
              12.989165
            ],
            [
              77.723727,
              12.989165
            ],
            [
              77.723745,
              12.989161
            ],
            [
              77.723724,
              12.989034
            ],
            [
              77.723677,
              12.989041
            ],
            [
              77.723698,
              12.989045
            ],
            [
              77.723695,
              12.989085
            ],
            [
              77.72366,
              12.98909
            ],
            [
              77.723632,
              12.989048
            ],
            [
              77.723518,
              12.989067
            ],
            [
              77.723578,
              12.989189
            ],
            [
              77.723578,
              12.989189
            ]
          ]
        ]
      }
    },
    {
      "type": "Feature",
      "properties": {
        "id_3d_ulpin": "KA-BLR-00042-F11-U02",
        "base_ulpin": "KA-BLR-00042",
        "floor": 11,
        "unit_letter": "B",
        "z_min": 35.0,
        "z_max": 38.5,
        "owner_name": "Siddharth Rao",
        "purchase_date": "2024-07-14",
        "status": "Registered",
        "source": "mock",
        "geometry_source": "real"
      },
      "geometry": {
        "type": "Polygon",
        "coordinates": [
          [
            [
              77.723796,
              12.989022
            ],
            [
              77.723787,
              12.989056
            ],
            [
              77.723753,
              12.989062
            ],
            [
              77.723741,
              12.989038
            ],
            [
              77.723765,
              12.989038
            ],
            [
              77.723766,
              12.989027
            ],
            [
              77.723724,
              12.989034
            ],
            [
              77.723745,
              12.989161
            ],
            [
              77.723765,
              12.989157
            ],
            [
              77.72374,
              12.989096
            ],
            [
              77.723785,
              12.989092
            ],
            [
              77.723897,
              12.989102
            ],
            [
              77.723925,
              12.989001
            ],
            [
              77.723796,
              12.989022
            ]
          ]
        ]
      }
    },
    {
      "type": "Feature",
      "properties": {
        "id_3d_ulpin": "KA-BLR-00042-F11-U03",
        "base_ulpin": "KA-BLR-00042",
        "floor": 11,
        "unit_letter": "C",
        "z_min": 35.0,
        "z_max": 38.5,
        "owner_name": "Aisha Khan",
        "purchase_date": "2019-07-12",
        "status": "Registered",
        "source": "mock",
        "geometry_source": "real"
      },
      "geometry": {
        "type": "Polygon",
        "coordinates": [
          [
            [
              77.723632,
              12.989048
            ],
            [
              77.723609,
              12.989014
            ],
            [
              77.723661,
              12.989009
            ],
            [
              77.723664,
              12.989039
            ],
            [
              77.723677,
              12.989041
            ],
            [
              77.723724,
              12.989034
            ],
            [
              77.723703,
              12.988906
            ],
            [
              77.723542,
              12.988931
            ],
            [
              77.723462,
              12.988953
            ],
            [
              77.723518,
              12.989067
            ],
            [
              77.723632,
              12.989048
            ]
          ]
        ]
      }
    },
    {
      "type": "Feature",
      "properties": {
        "id_3d_ulpin": "KA-BLR-00042-F11-U04",
        "base_ulpin": "KA-BLR-00042",
        "floor": 11,
        "unit_letter": "D",
        "z_min": 35.0,
        "z_max": 38.5,
        "owner_name": "Ravi Subramaniam",
        "purchase_date": "2020-09-18",
        "status": "Pending Verification",
        "source": "mock",
        "geometry_source": "real"
      },
      "geometry": {
        "type": "Polygon",
        "coordinates": [
          [
            [
              77.723766,
              12.989027
            ],
            [
              77.723772,
              12.988984
            ],
            [
              77.723803,
              12.988998
            ],
            [
              77.723796,
              12.989022
            ],
            [
              77.723925,
              12.989001
            ],
            [
              77.723951,
              12.988906
            ],
            [
              77.723951,
              12.988906
            ],
            [
              77.723877,
              12.988883
            ],
            [
              77.723865,
              12.98891
            ],
            [
              77.723811,
              12.988889
            ],
            [
              77.723703,
              12.988906
            ],
            [
              77.723724,
              12.989034
            ],
            [
              77.723766,
              12.989027
            ]
          ]
        ]
      }
    },
    {
      "type": "Feature",
      "properties": {
        "id_3d_ulpin": "KA-BLR-00042-F12-U01",
        "base_ulpin": "KA-BLR-00042",
        "floor": 12,
        "unit_letter": "A",
        "z_min": 38.5,
        "z_max": 42.0,
        "owner_name": "Sanjay Bhatt",
        "purchase_date": "2023-09-26",
        "status": "Registered",
        "source": "mock",
        "geometry_source": "real"
      },
      "geometry": {
        "type": "Polygon",
        "coordinates": [
          [
            [
              77.723578,
              12.989189
            ],
            [
              77.723681,
              12.989152
            ],
            [
              77.723709,
              12.989138
            ],
            [
              77.723727,
              12.989165
            ],
            [
              77.723727,
              12.989165
            ],
            [
              77.723745,
              12.989161
            ],
            [
              77.723724,
              12.989034
            ],
            [
              77.723677,
              12.989041
            ],
            [
              77.723698,
              12.989045
            ],
            [
              77.723695,
              12.989085
            ],
            [
              77.72366,
              12.98909
            ],
            [
              77.723632,
              12.989048
            ],
            [
              77.723518,
              12.989067
            ],
            [
              77.723578,
              12.989189
            ],
            [
              77.723578,
              12.989189
            ]
          ]
        ]
      }
    },
    {
      "type": "Feature",
      "properties": {
        "id_3d_ulpin": "KA-BLR-00042-F12-U02",
        "base_ulpin": "KA-BLR-00042",
        "floor": 12,
        "unit_letter": "B",
        "z_min": 38.5,
        "z_max": 42.0,
        "owner_name": "Devansh Gupta",
        "purchase_date": "2023-04-26",
        "status": "Registered",
        "source": "mock",
        "geometry_source": "real"
      },
      "geometry": {
        "type": "Polygon",
        "coordinates": [
          [
            [
              77.723796,
              12.989022
            ],
            [
              77.723787,
              12.989056
            ],
            [
              77.723753,
              12.989062
            ],
            [
              77.723741,
              12.989038
            ],
            [
              77.723765,
              12.989038
            ],
            [
              77.723766,
              12.989027
            ],
            [
              77.723724,
              12.989034
            ],
            [
              77.723745,
              12.989161
            ],
            [
              77.723765,
              12.989157
            ],
            [
              77.72374,
              12.989096
            ],
            [
              77.723785,
              12.989092
            ],
            [
              77.723897,
              12.989102
            ],
            [
              77.723925,
              12.989001
            ],
            [
              77.723796,
              12.989022
            ]
          ]
        ]
      }
    },
    {
      "type": "Feature",
      "properties": {
        "id_3d_ulpin": "KA-BLR-00042-F12-U03",
        "base_ulpin": "KA-BLR-00042",
        "floor": 12,
        "unit_letter": "C",
        "z_min": 38.5,
        "z_max": 42.0,
        "owner_name": "Vikram Shetty",
        "purchase_date": "2024-04-01",
        "status": "Registered",
        "source": "mock",
        "geometry_source": "real"
      },
      "geometry": {
        "type": "Polygon",
        "coordinates": [
          [
            [
              77.723632,
              12.989048
            ],
            [
              77.723609,
              12.989014
            ],
            [
              77.723661,
              12.989009
            ],
            [
              77.723664,
              12.989039
            ],
            [
              77.723677,
              12.989041
            ],
            [
              77.723724,
              12.989034
            ],
            [
              77.723703,
              12.988906
            ],
            [
              77.723542,
              12.988931
            ],
            [
              77.723462,
              12.988953
            ],
            [
              77.723518,
              12.989067
            ],
            [
              77.723632,
              12.989048
            ]
          ]
        ]
      }
    },
    {
      "type": "Feature",
      "properties": {
        "id_3d_ulpin": "KA-BLR-00042-F12-U04",
        "base_ulpin": "KA-BLR-00042",
        "floor": 12,
        "unit_letter": "D",
        "z_min": 38.5,
        "z_max": 42.0,
        "owner_name": "Lakshmi Menon",
        "purchase_date": "2025-03-16",
        "status": "Registered",
        "source": "mock",
        "geometry_source": "real"
      },
      "geometry": {
        "type": "Polygon",
        "coordinates": [
          [
            [
              77.723766,
              12.989027
            ],
            [
              77.723772,
              12.988984
            ],
            [
              77.723803,
              12.988998
            ],
            [
              77.723796,
              12.989022
            ],
            [
              77.723925,
              12.989001
            ],
            [
              77.723951,
              12.988906
            ],
            [
              77.723951,
              12.988906
            ],
            [
              77.723877,
              12.988883
            ],
            [
              77.723865,
              12.98891
            ],
            [
              77.723811,
              12.988889
            ],
            [
              77.723703,
              12.988906
            ],
            [
              77.723724,
              12.989034
            ],
            [
              77.723766,
              12.989027
            ]
          ]
        ]
      }
    },
    {
      "type": "Feature",
      "properties": {
        "id_3d_ulpin": "KA-BLR-00042-F13-U01",
        "base_ulpin": "KA-BLR-00042",
        "floor": 13,
        "unit_letter": "A",
        "z_min": 42.0,
        "z_max": 45.5,
        "owner_name": "Uday Chauhan",
        "purchase_date": "2019-02-17",
        "status": "Pending Verification",
        "source": "mock",
        "geometry_source": "real"
      },
      "geometry": {
        "type": "Polygon",
        "coordinates": [
          [
            [
              77.723578,
              12.989189
            ],
            [
              77.723681,
              12.989152
            ],
            [
              77.723709,
              12.989138
            ],
            [
              77.723727,
              12.989165
            ],
            [
              77.723727,
              12.989165
            ],
            [
              77.723745,
              12.989161
            ],
            [
              77.723724,
              12.989034
            ],
            [
              77.723677,
              12.989041
            ],
            [
              77.723698,
              12.989045
            ],
            [
              77.723695,
              12.989085
            ],
            [
              77.72366,
              12.98909
            ],
            [
              77.723632,
              12.989048
            ],
            [
              77.723518,
              12.989067
            ],
            [
              77.723578,
              12.989189
            ],
            [
              77.723578,
              12.989189
            ]
          ]
        ]
      }
    },
    {
      "type": "Feature",
      "properties": {
        "id_3d_ulpin": "KA-BLR-00042-F13-U02",
        "base_ulpin": "KA-BLR-00042",
        "floor": 13,
        "unit_letter": "B",
        "z_min": 42.0,
        "z_max": 45.5,
        "owner_name": "Priya Nair",
        "purchase_date": "2020-04-14",
        "status": "Registered",
        "source": "mock",
        "geometry_source": "real"
      },
      "geometry": {
        "type": "Polygon",
        "coordinates": [
          [
            [
              77.723796,
              12.989022
            ],
            [
              77.723787,
              12.989056
            ],
            [
              77.723753,
              12.989062
            ],
            [
              77.723741,
              12.989038
            ],
            [
              77.723765,
              12.989038
            ],
            [
              77.723766,
              12.989027
            ],
            [
              77.723724,
              12.989034
            ],
            [
              77.723745,
              12.989161
            ],
            [
              77.723765,
              12.989157
            ],
            [
              77.72374,
              12.989096
            ],
            [
              77.723785,
              12.989092
            ],
            [
              77.723897,
              12.989102
            ],
            [
              77.723925,
              12.989001
            ],
            [
              77.723796,
              12.989022
            ]
          ]
        ]
      }
    },
    {
      "type": "Feature",
      "properties": {
        "id_3d_ulpin": "KA-BLR-00042-F13-U03",
        "base_ulpin": "KA-BLR-00042",
        "floor": 13,
        "unit_letter": "C",
        "z_min": 42.0,
        "z_max": 45.5,
        "owner_name": "Tanvi Agarwal",
        "purchase_date": "2025-01-08",
        "status": "Registered",
        "source": "mock",
        "geometry_source": "real"
      },
      "geometry": {
        "type": "Polygon",
        "coordinates": [
          [
            [
              77.723632,
              12.989048
            ],
            [
              77.723609,
              12.989014
            ],
            [
              77.723661,
              12.989009
            ],
            [
              77.723664,
              12.989039
            ],
            [
              77.723677,
              12.989041
            ],
            [
              77.723724,
              12.989034
            ],
            [
              77.723703,
              12.988906
            ],
            [
              77.723542,
              12.988931
            ],
            [
              77.723462,
              12.988953
            ],
            [
              77.723518,
              12.989067
            ],
            [
              77.723632,
              12.989048
            ]
          ]
        ]
      }
    },
    {
      "type": "Feature",
      "properties": {
        "id_3d_ulpin": "KA-BLR-00042-F13-U04",
        "base_ulpin": "KA-BLR-00042",
        "floor": 13,
        "unit_letter": "D",
        "z_min": 42.0,
        "z_max": 45.5,
        "owner_name": "Kiran Bhat",
        "purchase_date": "2022-10-25",
        "status": "Registered",
        "source": "mock",
        "geometry_source": "real"
      },
      "geometry": {
        "type": "Polygon",
        "coordinates": [
          [
            [
              77.723766,
              12.989027
            ],
            [
              77.723772,
              12.988984
            ],
            [
              77.723803,
              12.988998
            ],
            [
              77.723796,
              12.989022
            ],
            [
              77.723925,
              12.989001
            ],
            [
              77.723951,
              12.988906
            ],
            [
              77.723951,
              12.988906
            ],
            [
              77.723877,
              12.988883
            ],
            [
              77.723865,
              12.98891
            ],
            [
              77.723811,
              12.988889
            ],
            [
              77.723703,
              12.988906
            ],
            [
              77.723724,
              12.989034
            ],
            [
              77.723766,
              12.989027
            ]
          ]
        ]
      }
    },
    {
      "type": "Feature",
      "properties": {
        "id_3d_ulpin": "KA-BLR-00042-F14-U01",
        "base_ulpin": "KA-BLR-00042",
        "floor": 14,
        "unit_letter": "A",
        "z_min": 45.5,
        "z_max": 49.0,
        "owner_name": "Kavya Iyer",
        "purchase_date": "2023-11-16",
        "status": "Registered",
        "source": "mock",
        "geometry_source": "real"
      },
      "geometry": {
        "type": "Polygon",
        "coordinates": [
          [
            [
              77.723578,
              12.989189
            ],
            [
              77.723681,
              12.989152
            ],
            [
              77.723709,
              12.989138
            ],
            [
              77.723727,
              12.989165
            ],
            [
              77.723727,
              12.989165
            ],
            [
              77.723745,
              12.989161
            ],
            [
              77.723724,
              12.989034
            ],
            [
              77.723677,
              12.989041
            ],
            [
              77.723698,
              12.989045
            ],
            [
              77.723695,
              12.989085
            ],
            [
              77.72366,
              12.98909
            ],
            [
              77.723632,
              12.989048
            ],
            [
              77.723518,
              12.989067
            ],
            [
              77.723578,
              12.989189
            ],
            [
              77.723578,
              12.989189
            ]
          ]
        ]
      }
    },
    {
      "type": "Feature",
      "properties": {
        "id_3d_ulpin": "KA-BLR-00042-F14-U02",
        "base_ulpin": "KA-BLR-00042",
        "floor": 14,
        "unit_letter": "B",
        "z_min": 45.5,
        "z_max": 49.0,
        "owner_name": "Anjali Pillai",
        "purchase_date": "2019-01-14",
        "status": "Registered",
        "source": "mock",
        "geometry_source": "real"
      },
      "geometry": {
        "type": "Polygon",
        "coordinates": [
          [
            [
              77.723796,
              12.989022
            ],
            [
              77.723787,
              12.989056
            ],
            [
              77.723753,
              12.989062
            ],
            [
              77.723741,
              12.989038
            ],
            [
              77.723765,
              12.989038
            ],
            [
              77.723766,
              12.989027
            ],
            [
              77.723724,
              12.989034
            ],
            [
              77.723745,
              12.989161
            ],
            [
              77.723765,
              12.989157
            ],
            [
              77.72374,
              12.989096
            ],
            [
              77.723785,
              12.989092
            ],
            [
              77.723897,
              12.989102
            ],
            [
              77.723925,
              12.989001
            ],
            [
              77.723796,
              12.989022
            ]
          ]
        ]
      }
    },
    {
      "type": "Feature",
      "properties": {
        "id_3d_ulpin": "KA-BLR-00042-F14-U03",
        "base_ulpin": "KA-BLR-00042",
        "floor": 14,
        "unit_letter": "C",
        "z_min": 45.5,
        "z_max": 49.0,
        "owner_name": "Aditya Verma",
        "purchase_date": "2021-12-14",
        "status": "Disputed / Encumbered",
        "source": "mock",
        "geometry_source": "real"
      },
      "geometry": {
        "type": "Polygon",
        "coordinates": [
          [
            [
              77.723632,
              12.989048
            ],
            [
              77.723609,
              12.989014
            ],
            [
              77.723661,
              12.989009
            ],
            [
              77.723664,
              12.989039
            ],
            [
              77.723677,
              12.989041
            ],
            [
              77.723724,
              12.989034
            ],
            [
              77.723703,
              12.988906
            ],
            [
              77.723542,
              12.988931
            ],
            [
              77.723462,
              12.988953
            ],
            [
              77.723518,
              12.989067
            ],
            [
              77.723632,
              12.989048
            ]
          ]
        ]
      }
    },
    {
      "type": "Feature",
      "properties": {
        "id_3d_ulpin": "KA-BLR-00042-F14-U04",
        "base_ulpin": "KA-BLR-00042",
        "floor": 14,
        "unit_letter": "D",
        "z_min": 45.5,
        "z_max": 49.0,
        "owner_name": "Unallotted / Developer Inventory",
        "purchase_date": null,
        "status": "Vacant / Available",
        "source": "mock",
        "geometry_source": "real"
      },
      "geometry": {
        "type": "Polygon",
        "coordinates": [
          [
            [
              77.723766,
              12.989027
            ],
            [
              77.723772,
              12.988984
            ],
            [
              77.723803,
              12.988998
            ],
            [
              77.723796,
              12.989022
            ],
            [
              77.723925,
              12.989001
            ],
            [
              77.723951,
              12.988906
            ],
            [
              77.723951,
              12.988906
            ],
            [
              77.723877,
              12.988883
            ],
            [
              77.723865,
              12.98891
            ],
            [
              77.723811,
              12.988889
            ],
            [
              77.723703,
              12.988906
            ],
            [
              77.723724,
              12.989034
            ],
            [
              77.723766,
              12.989027
            ]
          ]
        ]
      }
    },
    {
      "type": "Feature",
      "properties": {
        "id_3d_ulpin": "KA-BLR-00042-F15-U01",
        "base_ulpin": "KA-BLR-00042",
        "floor": 15,
        "unit_letter": "A",
        "z_min": 49.0,
        "z_max": 52.5,
        "owner_name": "Manish Trivedi",
        "purchase_date": "2024-09-10",
        "status": "Registered",
        "source": "mock",
        "geometry_source": "real"
      },
      "geometry": {
        "type": "Polygon",
        "coordinates": [
          [
            [
              77.723578,
              12.989189
            ],
            [
              77.723681,
              12.989152
            ],
            [
              77.723709,
              12.989138
            ],
            [
              77.723727,
              12.989165
            ],
            [
              77.723727,
              12.989165
            ],
            [
              77.723745,
              12.989161
            ],
            [
              77.723724,
              12.989034
            ],
            [
              77.723677,
              12.989041
            ],
            [
              77.723698,
              12.989045
            ],
            [
              77.723695,
              12.989085
            ],
            [
              77.72366,
              12.98909
            ],
            [
              77.723632,
              12.989048
            ],
            [
              77.723518,
              12.989067
            ],
            [
              77.723578,
              12.989189
            ],
            [
              77.723578,
              12.989189
            ]
          ]
        ]
      }
    },
    {
      "type": "Feature",
      "properties": {
        "id_3d_ulpin": "KA-BLR-00042-F15-U02",
        "base_ulpin": "KA-BLR-00042",
        "floor": 15,
        "unit_letter": "B",
        "z_min": 49.0,
        "z_max": 52.5,
        "owner_name": "Ananya Rao",
        "purchase_date": "2022-05-07",
        "status": "Pending Verification",
        "source": "mock",
        "geometry_source": "real"
      },
      "geometry": {
        "type": "Polygon",
        "coordinates": [
          [
            [
              77.723796,
              12.989022
            ],
            [
              77.723787,
              12.989056
            ],
            [
              77.723753,
              12.989062
            ],
            [
              77.723741,
              12.989038
            ],
            [
              77.723765,
              12.989038
            ],
            [
              77.723766,
              12.989027
            ],
            [
              77.723724,
              12.989034
            ],
            [
              77.723745,
              12.989161
            ],
            [
              77.723765,
              12.989157
            ],
            [
              77.72374,
              12.989096
            ],
            [
              77.723785,
              12.989092
            ],
            [
              77.723897,
              12.989102
            ],
            [
              77.723925,
              12.989001
            ],
            [
              77.723796,
              12.989022
            ]
          ]
        ]
      }
    },
    {
      "type": "Feature",
      "properties": {
        "id_3d_ulpin": "KA-BLR-00042-F15-U03",
        "base_ulpin": "KA-BLR-00042",
        "floor": 15,
        "unit_letter": "C",
        "z_min": 49.0,
        "z_max": 52.5,
        "owner_name": "Arjun Mehta",
        "purchase_date": "2024-09-10",
        "status": "Pending Verification",
        "source": "mock",
        "geometry_source": "real"
      },
      "geometry": {
        "type": "Polygon",
        "coordinates": [
          [
            [
              77.723632,
              12.989048
            ],
            [
              77.723609,
              12.989014
            ],
            [
              77.723661,
              12.989009
            ],
            [
              77.723664,
              12.989039
            ],
            [
              77.723677,
              12.989041
            ],
            [
              77.723724,
              12.989034
            ],
            [
              77.723703,
              12.988906
            ],
            [
              77.723542,
              12.988931
            ],
            [
              77.723462,
              12.988953
            ],
            [
              77.723518,
              12.989067
            ],
            [
              77.723632,
              12.989048
            ]
          ]
        ]
      }
    },
    {
      "type": "Feature",
      "properties": {
        "id_3d_ulpin": "KA-BLR-00042-F15-U04",
        "base_ulpin": "KA-BLR-00042",
        "floor": 15,
        "unit_letter": "D",
        "z_min": 49.0,
        "z_max": 52.5,
        "owner_name": "Neha Kulkarni",
        "purchase_date": "2020-09-18",
        "status": "Registered",
        "source": "mock",
        "geometry_source": "real"
      },
      "geometry": {
        "type": "Polygon",
        "coordinates": [
          [
            [
              77.723766,
              12.989027
            ],
            [
              77.723772,
              12.988984
            ],
            [
              77.723803,
              12.988998
            ],
            [
              77.723796,
              12.989022
            ],
            [
              77.723925,
              12.989001
            ],
            [
              77.723951,
              12.988906
            ],
            [
              77.723951,
              12.988906
            ],
            [
              77.723877,
              12.988883
            ],
            [
              77.723865,
              12.98891
            ],
            [
              77.723811,
              12.988889
            ],
            [
              77.723703,
              12.988906
            ],
            [
              77.723724,
              12.989034
            ],
            [
              77.723766,
              12.989027
            ]
          ]
        ]
      }
    },
    {
      "type": "Feature",
      "properties": {
        "id_3d_ulpin": "KA-BLR-00042-F16-U01",
        "base_ulpin": "KA-BLR-00042",
        "floor": 16,
        "unit_letter": "A",
        "z_min": 52.5,
        "z_max": 56.0,
        "owner_name": "Zoya Khan",
        "purchase_date": "2020-10-23",
        "status": "Registered",
        "source": "mock",
        "geometry_source": "real"
      },
      "geometry": {
        "type": "Polygon",
        "coordinates": [
          [
            [
              77.723578,
              12.989189
            ],
            [
              77.723681,
              12.989152
            ],
            [
              77.723709,
              12.989138
            ],
            [
              77.723727,
              12.989165
            ],
            [
              77.723727,
              12.989165
            ],
            [
              77.723745,
              12.989161
            ],
            [
              77.723724,
              12.989034
            ],
            [
              77.723677,
              12.989041
            ],
            [
              77.723698,
              12.989045
            ],
            [
              77.723695,
              12.989085
            ],
            [
              77.72366,
              12.98909
            ],
            [
              77.723632,
              12.989048
            ],
            [
              77.723518,
              12.989067
            ],
            [
              77.723578,
              12.989189
            ],
            [
              77.723578,
              12.989189
            ]
          ]
        ]
      }
    },
    {
      "type": "Feature",
      "properties": {
        "id_3d_ulpin": "KA-BLR-00042-F16-U02",
        "base_ulpin": "KA-BLR-00042",
        "floor": 16,
        "unit_letter": "B",
        "z_min": 52.5,
        "z_max": 56.0,
        "owner_name": "Nikhil Joshi",
        "purchase_date": "2024-12-12",
        "status": "Registered",
        "source": "mock",
        "geometry_source": "real"
      },
      "geometry": {
        "type": "Polygon",
        "coordinates": [
          [
            [
              77.723796,
              12.989022
            ],
            [
              77.723787,
              12.989056
            ],
            [
              77.723753,
              12.989062
            ],
            [
              77.723741,
              12.989038
            ],
            [
              77.723765,
              12.989038
            ],
            [
              77.723766,
              12.989027
            ],
            [
              77.723724,
              12.989034
            ],
            [
              77.723745,
              12.989161
            ],
            [
              77.723765,
              12.989157
            ],
            [
              77.72374,
              12.989096
            ],
            [
              77.723785,
              12.989092
            ],
            [
              77.723897,
              12.989102
            ],
            [
              77.723925,
              12.989001
            ],
            [
              77.723796,
              12.989022
            ]
          ]
        ]
      }
    },
    {
      "type": "Feature",
      "properties": {
        "id_3d_ulpin": "KA-BLR-00042-F16-U03",
        "base_ulpin": "KA-BLR-00042",
        "floor": 16,
        "unit_letter": "C",
        "z_min": 52.5,
        "z_max": 56.0,
        "owner_name": "Divya Reddy",
        "purchase_date": "2025-09-19",
        "status": "Pending Verification",
        "source": "mock",
        "geometry_source": "real"
      },
      "geometry": {
        "type": "Polygon",
        "coordinates": [
          [
            [
              77.723632,
              12.989048
            ],
            [
              77.723609,
              12.989014
            ],
            [
              77.723661,
              12.989009
            ],
            [
              77.723664,
              12.989039
            ],
            [
              77.723677,
              12.989041
            ],
            [
              77.723724,
              12.989034
            ],
            [
              77.723703,
              12.988906
            ],
            [
              77.723542,
              12.988931
            ],
            [
              77.723462,
              12.988953
            ],
            [
              77.723518,
              12.989067
            ],
            [
              77.723632,
              12.989048
            ]
          ]
        ]
      }
    },
    {
      "type": "Feature",
      "properties": {
        "id_3d_ulpin": "KA-BLR-00042-F16-U04",
        "base_ulpin": "KA-BLR-00042",
        "floor": 16,
        "unit_letter": "D",
        "z_min": 52.5,
        "z_max": 56.0,
        "owner_name": "Fatima Sheikh",
        "purchase_date": "2019-03-21",
        "status": "Registered",
        "source": "mock",
        "geometry_source": "real"
      },
      "geometry": {
        "type": "Polygon",
        "coordinates": [
          [
            [
              77.723766,
              12.989027
            ],
            [
              77.723772,
              12.988984
            ],
            [
              77.723803,
              12.988998
            ],
            [
              77.723796,
              12.989022
            ],
            [
              77.723925,
              12.989001
            ],
            [
              77.723951,
              12.988906
            ],
            [
              77.723951,
              12.988906
            ],
            [
              77.723877,
              12.988883
            ],
            [
              77.723865,
              12.98891
            ],
            [
              77.723811,
              12.988889
            ],
            [
              77.723703,
              12.988906
            ],
            [
              77.723724,
              12.989034
            ],
            [
              77.723766,
              12.989027
            ]
          ]
        ]
      }
    },
    {
      "type": "Feature",
      "properties": {
        "id_3d_ulpin": "KA-BLR-00042-F17-U01",
        "base_ulpin": "KA-BLR-00042",
        "floor": 17,
        "unit_letter": "A",
        "z_min": 56.0,
        "z_max": 59.5,
        "owner_name": "Pooja Hegde",
        "purchase_date": "2023-01-26",
        "status": "Registered",
        "source": "mock",
        "geometry_source": "real"
      },
      "geometry": {
        "type": "Polygon",
        "coordinates": [
          [
            [
              77.723578,
              12.989189
            ],
            [
              77.723681,
              12.989152
            ],
            [
              77.723709,
              12.989138
            ],
            [
              77.723727,
              12.989165
            ],
            [
              77.723727,
              12.989165
            ],
            [
              77.723745,
              12.989161
            ],
            [
              77.723724,
              12.989034
            ],
            [
              77.723677,
              12.989041
            ],
            [
              77.723698,
              12.989045
            ],
            [
              77.723695,
              12.989085
            ],
            [
              77.72366,
              12.98909
            ],
            [
              77.723632,
              12.989048
            ],
            [
              77.723518,
              12.989067
            ],
            [
              77.723578,
              12.989189
            ],
            [
              77.723578,
              12.989189
            ]
          ]
        ]
      }
    },
    {
      "type": "Feature",
      "properties": {
        "id_3d_ulpin": "KA-BLR-00042-F17-U02",
        "base_ulpin": "KA-BLR-00042",
        "floor": 17,
        "unit_letter": "B",
        "z_min": 56.0,
        "z_max": 59.5,
        "owner_name": "Sneha Desai",
        "purchase_date": "2022-06-13",
        "status": "Pending Verification",
        "source": "mock",
        "geometry_source": "real"
      },
      "geometry": {
        "type": "Polygon",
        "coordinates": [
          [
            [
              77.723796,
              12.989022
            ],
            [
              77.723787,
              12.989056
            ],
            [
              77.723753,
              12.989062
            ],
            [
              77.723741,
              12.989038
            ],
            [
              77.723765,
              12.989038
            ],
            [
              77.723766,
              12.989027
            ],
            [
              77.723724,
              12.989034
            ],
            [
              77.723745,
              12.989161
            ],
            [
              77.723765,
              12.989157
            ],
            [
              77.72374,
              12.989096
            ],
            [
              77.723785,
              12.989092
            ],
            [
              77.723897,
              12.989102
            ],
            [
              77.723925,
              12.989001
            ],
            [
              77.723796,
              12.989022
            ]
          ]
        ]
      }
    },
    {
      "type": "Feature",
      "properties": {
        "id_3d_ulpin": "KA-BLR-00042-F17-U03",
        "base_ulpin": "KA-BLR-00042",
        "floor": 17,
        "unit_letter": "C",
        "z_min": 56.0,
        "z_max": 59.5,
        "owner_name": "Rohan Kulkarni",
        "purchase_date": "2021-09-13",
        "status": "Registered",
        "source": "mock",
        "geometry_source": "real"
      },
      "geometry": {
        "type": "Polygon",
        "coordinates": [
          [
            [
              77.723632,
              12.989048
            ],
            [
              77.723609,
              12.989014
            ],
            [
              77.723661,
              12.989009
            ],
            [
              77.723664,
              12.989039
            ],
            [
              77.723677,
              12.989041
            ],
            [
              77.723724,
              12.989034
            ],
            [
              77.723703,
              12.988906
            ],
            [
              77.723542,
              12.988931
            ],
            [
              77.723462,
              12.988953
            ],
            [
              77.723518,
              12.989067
            ],
            [
              77.723632,
              12.989048
            ]
          ]
        ]
      }
    },
    {
      "type": "Feature",
      "properties": {
        "id_3d_ulpin": "KA-BLR-00042-F17-U04",
        "base_ulpin": "KA-BLR-00042",
        "floor": 17,
        "unit_letter": "D",
        "z_min": 56.0,
        "z_max": 59.5,
        "owner_name": "Ishaan Bose",
        "purchase_date": "2019-11-19",
        "status": "Pending Verification",
        "source": "mock",
        "geometry_source": "real"
      },
      "geometry": {
        "type": "Polygon",
        "coordinates": [
          [
            [
              77.723766,
              12.989027
            ],
            [
              77.723772,
              12.988984
            ],
            [
              77.723803,
              12.988998
            ],
            [
              77.723796,
              12.989022
            ],
            [
              77.723925,
              12.989001
            ],
            [
              77.723951,
              12.988906
            ],
            [
              77.723951,
              12.988906
            ],
            [
              77.723877,
              12.988883
            ],
            [
              77.723865,
              12.98891
            ],
            [
              77.723811,
              12.988889
            ],
            [
              77.723703,
              12.988906
            ],
            [
              77.723724,
              12.989034
            ],
            [
              77.723766,
              12.989027
            ]
          ]
        ]
      }
    },
    {
      "type": "Feature",
      "properties": {
        "id_3d_ulpin": "KA-BLR-00042-F18-U01",
        "base_ulpin": "KA-BLR-00042",
        "floor": 18,
        "unit_letter": "A",
        "z_min": 59.5,
        "z_max": 63.0,
        "owner_name": "Farhan Sheikh",
        "purchase_date": "2024-06-13",
        "status": "Registered",
        "source": "mock",
        "geometry_source": "real"
      },
      "geometry": {
        "type": "Polygon",
        "coordinates": [
          [
            [
              77.723578,
              12.989189
            ],
            [
              77.723681,
              12.989152
            ],
            [
              77.723709,
              12.989138
            ],
            [
              77.723727,
              12.989165
            ],
            [
              77.723727,
              12.989165
            ],
            [
              77.723745,
              12.989161
            ],
            [
              77.723724,
              12.989034
            ],
            [
              77.723677,
              12.989041
            ],
            [
              77.723698,
              12.989045
            ],
            [
              77.723695,
              12.989085
            ],
            [
              77.72366,
              12.98909
            ],
            [
              77.723632,
              12.989048
            ],
            [
              77.723518,
              12.989067
            ],
            [
              77.723578,
              12.989189
            ],
            [
              77.723578,
              12.989189
            ]
          ]
        ]
      }
    },
    {
      "type": "Feature",
      "properties": {
        "id_3d_ulpin": "KA-BLR-00042-F18-U02",
        "base_ulpin": "KA-BLR-00042",
        "floor": 18,
        "unit_letter": "B",
        "z_min": 59.5,
        "z_max": 63.0,
        "owner_name": "Ritu Kapoor",
        "purchase_date": "2024-12-21",
        "status": "Registered",
        "source": "mock",
        "geometry_source": "real"
      },
      "geometry": {
        "type": "Polygon",
        "coordinates": [
          [
            [
              77.723796,
              12.989022
            ],
            [
              77.723787,
              12.989056
            ],
            [
              77.723753,
              12.989062
            ],
            [
              77.723741,
              12.989038
            ],
            [
              77.723765,
              12.989038
            ],
            [
              77.723766,
              12.989027
            ],
            [
              77.723724,
              12.989034
            ],
            [
              77.723745,
              12.989161
            ],
            [
              77.723765,
              12.989157
            ],
            [
              77.72374,
              12.989096
            ],
            [
              77.723785,
              12.989092
            ],
            [
              77.723897,
              12.989102
            ],
            [
              77.723925,
              12.989001
            ],
            [
              77.723796,
              12.989022
            ]
          ]
        ]
      }
    },
    {
      "type": "Feature",
      "properties": {
        "id_3d_ulpin": "KA-BLR-00042-F18-U03",
        "base_ulpin": "KA-BLR-00042",
        "floor": 18,
        "unit_letter": "C",
        "z_min": 59.5,
        "z_max": 63.0,
        "owner_name": "Karan Malhotra",
        "purchase_date": "2020-06-09",
        "status": "Registered",
        "source": "mock",
        "geometry_source": "real"
      },
      "geometry": {
        "type": "Polygon",
        "coordinates": [
          [
            [
              77.723632,
              12.989048
            ],
            [
              77.723609,
              12.989014
            ],
            [
              77.723661,
              12.989009
            ],
            [
              77.723664,
              12.989039
            ],
            [
              77.723677,
              12.989041
            ],
            [
              77.723724,
              12.989034
            ],
            [
              77.723703,
              12.988906
            ],
            [
              77.723542,
              12.988931
            ],
            [
              77.723462,
              12.988953
            ],
            [
              77.723518,
              12.989067
            ],
            [
              77.723632,
              12.989048
            ]
          ]
        ]
      }
    },
    {
      "type": "Feature",
      "properties": {
        "id_3d_ulpin": "KA-BLR-00042-F18-U04",
        "base_ulpin": "KA-BLR-00042",
        "floor": 18,
        "unit_letter": "D",
        "z_min": 59.5,
        "z_max": 63.0,
        "owner_name": "Siddharth Rao",
        "purchase_date": "2025-03-01",
        "status": "Registered",
        "source": "mock",
        "geometry_source": "real"
      },
      "geometry": {
        "type": "Polygon",
        "coordinates": [
          [
            [
              77.723766,
              12.989027
            ],
            [
              77.723772,
              12.988984
            ],
            [
              77.723803,
              12.988998
            ],
            [
              77.723796,
              12.989022
            ],
            [
              77.723925,
              12.989001
            ],
            [
              77.723951,
              12.988906
            ],
            [
              77.723951,
              12.988906
            ],
            [
              77.723877,
              12.988883
            ],
            [
              77.723865,
              12.98891
            ],
            [
              77.723811,
              12.988889
            ],
            [
              77.723703,
              12.988906
            ],
            [
              77.723724,
              12.989034
            ],
            [
              77.723766,
              12.989027
            ]
          ]
        ]
      }
    },
    {
      "type": "Feature",
      "properties": {
        "id_3d_ulpin": "KA-BLR-00042-F19-U01",
        "base_ulpin": "KA-BLR-00042",
        "floor": 19,
        "unit_letter": "A",
        "z_min": 63.0,
        "z_max": 66.5,
        "owner_name": "Aisha Khan",
        "purchase_date": "2024-12-01",
        "status": "Registered",
        "source": "mock",
        "geometry_source": "real"
      },
      "geometry": {
        "type": "Polygon",
        "coordinates": [
          [
            [
              77.723578,
              12.989189
            ],
            [
              77.723681,
              12.989152
            ],
            [
              77.723709,
              12.989138
            ],
            [
              77.723727,
              12.989165
            ],
            [
              77.723727,
              12.989165
            ],
            [
              77.723745,
              12.989161
            ],
            [
              77.723724,
              12.989034
            ],
            [
              77.723677,
              12.989041
            ],
            [
              77.723698,
              12.989045
            ],
            [
              77.723695,
              12.989085
            ],
            [
              77.72366,
              12.98909
            ],
            [
              77.723632,
              12.989048
            ],
            [
              77.723518,
              12.989067
            ],
            [
              77.723578,
              12.989189
            ],
            [
              77.723578,
              12.989189
            ]
          ]
        ]
      }
    },
    {
      "type": "Feature",
      "properties": {
        "id_3d_ulpin": "KA-BLR-00042-F19-U02",
        "base_ulpin": "KA-BLR-00042",
        "floor": 19,
        "unit_letter": "B",
        "z_min": 63.0,
        "z_max": 66.5,
        "owner_name": "Ravi Subramaniam",
        "purchase_date": "2023-09-30",
        "status": "Pending Verification",
        "source": "mock",
        "geometry_source": "real"
      },
      "geometry": {
        "type": "Polygon",
        "coordinates": [
          [
            [
              77.723796,
              12.989022
            ],
            [
              77.723787,
              12.989056
            ],
            [
              77.723753,
              12.989062
            ],
            [
              77.723741,
              12.989038
            ],
            [
              77.723765,
              12.989038
            ],
            [
              77.723766,
              12.989027
            ],
            [
              77.723724,
              12.989034
            ],
            [
              77.723745,
              12.989161
            ],
            [
              77.723765,
              12.989157
            ],
            [
              77.72374,
              12.989096
            ],
            [
              77.723785,
              12.989092
            ],
            [
              77.723897,
              12.989102
            ],
            [
              77.723925,
              12.989001
            ],
            [
              77.723796,
              12.989022
            ]
          ]
        ]
      }
    },
    {
      "type": "Feature",
      "properties": {
        "id_3d_ulpin": "KA-BLR-00042-F19-U03",
        "base_ulpin": "KA-BLR-00042",
        "floor": 19,
        "unit_letter": "C",
        "z_min": 63.0,
        "z_max": 66.5,
        "owner_name": "Unallotted / Developer Inventory",
        "purchase_date": null,
        "status": "Vacant / Available",
        "source": "mock",
        "geometry_source": "real"
      },
      "geometry": {
        "type": "Polygon",
        "coordinates": [
          [
            [
              77.723632,
              12.989048
            ],
            [
              77.723609,
              12.989014
            ],
            [
              77.723661,
              12.989009
            ],
            [
              77.723664,
              12.989039
            ],
            [
              77.723677,
              12.989041
            ],
            [
              77.723724,
              12.989034
            ],
            [
              77.723703,
              12.988906
            ],
            [
              77.723542,
              12.988931
            ],
            [
              77.723462,
              12.988953
            ],
            [
              77.723518,
              12.989067
            ],
            [
              77.723632,
              12.989048
            ]
          ]
        ]
      }
    },
    {
      "type": "Feature",
      "properties": {
        "id_3d_ulpin": "KA-BLR-00042-F19-U04",
        "base_ulpin": "KA-BLR-00042",
        "floor": 19,
        "unit_letter": "D",
        "z_min": 63.0,
        "z_max": 66.5,
        "owner_name": "Devansh Gupta",
        "purchase_date": "2021-04-03",
        "status": "Disputed / Encumbered",
        "source": "mock",
        "geometry_source": "real"
      },
      "geometry": {
        "type": "Polygon",
        "coordinates": [
          [
            [
              77.723766,
              12.989027
            ],
            [
              77.723772,
              12.988984
            ],
            [
              77.723803,
              12.988998
            ],
            [
              77.723796,
              12.989022
            ],
            [
              77.723925,
              12.989001
            ],
            [
              77.723951,
              12.988906
            ],
            [
              77.723951,
              12.988906
            ],
            [
              77.723877,
              12.988883
            ],
            [
              77.723865,
              12.98891
            ],
            [
              77.723811,
              12.988889
            ],
            [
              77.723703,
              12.988906
            ],
            [
              77.723724,
              12.989034
            ],
            [
              77.723766,
              12.989027
            ]
          ]
        ]
      }
    },
    {
      "type": "Feature",
      "properties": {
        "id_3d_ulpin": "KA-BLR-00042-F20-U01",
        "base_ulpin": "KA-BLR-00042",
        "floor": 20,
        "unit_letter": "A",
        "z_min": 66.5,
        "z_max": 70.0,
        "owner_name": "Vikram Shetty",
        "purchase_date": "2023-06-23",
        "status": "Registered",
        "source": "mock",
        "geometry_source": "real"
      },
      "geometry": {
        "type": "Polygon",
        "coordinates": [
          [
            [
              77.723578,
              12.989189
            ],
            [
              77.723681,
              12.989152
            ],
            [
              77.723709,
              12.989138
            ],
            [
              77.723727,
              12.989165
            ],
            [
              77.723727,
              12.989165
            ],
            [
              77.723745,
              12.989161
            ],
            [
              77.723724,
              12.989034
            ],
            [
              77.723677,
              12.989041
            ],
            [
              77.723698,
              12.989045
            ],
            [
              77.723695,
              12.989085
            ],
            [
              77.72366,
              12.98909
            ],
            [
              77.723632,
              12.989048
            ],
            [
              77.723518,
              12.989067
            ],
            [
              77.723578,
              12.989189
            ],
            [
              77.723578,
              12.989189
            ]
          ]
        ]
      }
    },
    {
      "type": "Feature",
      "properties": {
        "id_3d_ulpin": "KA-BLR-00042-F20-U02",
        "base_ulpin": "KA-BLR-00042",
        "floor": 20,
        "unit_letter": "B",
        "z_min": 66.5,
        "z_max": 70.0,
        "owner_name": "Unallotted / Developer Inventory",
        "purchase_date": null,
        "status": "Vacant / Available",
        "source": "mock",
        "geometry_source": "real"
      },
      "geometry": {
        "type": "Polygon",
        "coordinates": [
          [
            [
              77.723796,
              12.989022
            ],
            [
              77.723787,
              12.989056
            ],
            [
              77.723753,
              12.989062
            ],
            [
              77.723741,
              12.989038
            ],
            [
              77.723765,
              12.989038
            ],
            [
              77.723766,
              12.989027
            ],
            [
              77.723724,
              12.989034
            ],
            [
              77.723745,
              12.989161
            ],
            [
              77.723765,
              12.989157
            ],
            [
              77.72374,
              12.989096
            ],
            [
              77.723785,
              12.989092
            ],
            [
              77.723897,
              12.989102
            ],
            [
              77.723925,
              12.989001
            ],
            [
              77.723796,
              12.989022
            ]
          ]
        ]
      }
    },
    {
      "type": "Feature",
      "properties": {
        "id_3d_ulpin": "KA-BLR-00042-F20-U03",
        "base_ulpin": "KA-BLR-00042",
        "floor": 20,
        "unit_letter": "C",
        "z_min": 66.5,
        "z_max": 70.0,
        "owner_name": "Uday Chauhan",
        "purchase_date": "2023-11-30",
        "status": "Registered",
        "source": "mock",
        "geometry_source": "real"
      },
      "geometry": {
        "type": "Polygon",
        "coordinates": [
          [
            [
              77.723632,
              12.989048
            ],
            [
              77.723609,
              12.989014
            ],
            [
              77.723661,
              12.989009
            ],
            [
              77.723664,
              12.989039
            ],
            [
              77.723677,
              12.989041
            ],
            [
              77.723724,
              12.989034
            ],
            [
              77.723703,
              12.988906
            ],
            [
              77.723542,
              12.988931
            ],
            [
              77.723462,
              12.988953
            ],
            [
              77.723518,
              12.989067
            ],
            [
              77.723632,
              12.989048
            ]
          ]
        ]
      }
    },
    {
      "type": "Feature",
      "properties": {
        "id_3d_ulpin": "KA-BLR-00042-F20-U04",
        "base_ulpin": "KA-BLR-00042",
        "floor": 20,
        "unit_letter": "D",
        "z_min": 66.5,
        "z_max": 70.0,
        "owner_name": "Priya Nair",
        "purchase_date": "2024-01-24",
        "status": "Pending Verification",
        "source": "mock",
        "geometry_source": "real"
      },
      "geometry": {
        "type": "Polygon",
        "coordinates": [
          [
            [
              77.723766,
              12.989027
            ],
            [
              77.723772,
              12.988984
            ],
            [
              77.723803,
              12.988998
            ],
            [
              77.723796,
              12.989022
            ],
            [
              77.723925,
              12.989001
            ],
            [
              77.723951,
              12.988906
            ],
            [
              77.723951,
              12.988906
            ],
            [
              77.723877,
              12.988883
            ],
            [
              77.723865,
              12.98891
            ],
            [
              77.723811,
              12.988889
            ],
            [
              77.723703,
              12.988906
            ],
            [
              77.723724,
              12.989034
            ],
            [
              77.723766,
              12.989027
            ]
          ]
        ]
      }
    },
    {
      "type": "Feature",
      "properties": {
        "id_3d_ulpin": "KA-BLR-00042-F21-U01",
        "base_ulpin": "KA-BLR-00042",
        "floor": 21,
        "unit_letter": "A",
        "z_min": 70.0,
        "z_max": 73.5,
        "owner_name": "Tanvi Agarwal",
        "purchase_date": "2021-07-09",
        "status": "Registered",
        "source": "mock",
        "geometry_source": "real"
      },
      "geometry": {
        "type": "Polygon",
        "coordinates": [
          [
            [
              77.723578,
              12.989189
            ],
            [
              77.723681,
              12.989152
            ],
            [
              77.723709,
              12.989138
            ],
            [
              77.723727,
              12.989165
            ],
            [
              77.723727,
              12.989165
            ],
            [
              77.723745,
              12.989161
            ],
            [
              77.723724,
              12.989034
            ],
            [
              77.723677,
              12.989041
            ],
            [
              77.723698,
              12.989045
            ],
            [
              77.723695,
              12.989085
            ],
            [
              77.72366,
              12.98909
            ],
            [
              77.723632,
              12.989048
            ],
            [
              77.723518,
              12.989067
            ],
            [
              77.723578,
              12.989189
            ],
            [
              77.723578,
              12.989189
            ]
          ]
        ]
      }
    },
    {
      "type": "Feature",
      "properties": {
        "id_3d_ulpin": "KA-BLR-00042-F21-U02",
        "base_ulpin": "KA-BLR-00042",
        "floor": 21,
        "unit_letter": "B",
        "z_min": 70.0,
        "z_max": 73.5,
        "owner_name": "Kiran Bhat",
        "purchase_date": "2019-03-28",
        "status": "Registered",
        "source": "mock",
        "geometry_source": "real"
      },
      "geometry": {
        "type": "Polygon",
        "coordinates": [
          [
            [
              77.723796,
              12.989022
            ],
            [
              77.723787,
              12.989056
            ],
            [
              77.723753,
              12.989062
            ],
            [
              77.723741,
              12.989038
            ],
            [
              77.723765,
              12.989038
            ],
            [
              77.723766,
              12.989027
            ],
            [
              77.723724,
              12.989034
            ],
            [
              77.723745,
              12.989161
            ],
            [
              77.723765,
              12.989157
            ],
            [
              77.72374,
              12.989096
            ],
            [
              77.723785,
              12.989092
            ],
            [
              77.723897,
              12.989102
            ],
            [
              77.723925,
              12.989001
            ],
            [
              77.723796,
              12.989022
            ]
          ]
        ]
      }
    },
    {
      "type": "Feature",
      "properties": {
        "id_3d_ulpin": "KA-BLR-00042-F21-U03",
        "base_ulpin": "KA-BLR-00042",
        "floor": 21,
        "unit_letter": "C",
        "z_min": 70.0,
        "z_max": 73.5,
        "owner_name": "Kavya Iyer",
        "purchase_date": "2021-07-31",
        "status": "Registered",
        "source": "mock",
        "geometry_source": "real"
      },
      "geometry": {
        "type": "Polygon",
        "coordinates": [
          [
            [
              77.723632,
              12.989048
            ],
            [
              77.723609,
              12.989014
            ],
            [
              77.723661,
              12.989009
            ],
            [
              77.723664,
              12.989039
            ],
            [
              77.723677,
              12.989041
            ],
            [
              77.723724,
              12.989034
            ],
            [
              77.723703,
              12.988906
            ],
            [
              77.723542,
              12.988931
            ],
            [
              77.723462,
              12.988953
            ],
            [
              77.723518,
              12.989067
            ],
            [
              77.723632,
              12.989048
            ]
          ]
        ]
      }
    },
    {
      "type": "Feature",
      "properties": {
        "id_3d_ulpin": "KA-BLR-00042-F21-U04",
        "base_ulpin": "KA-BLR-00042",
        "floor": 21,
        "unit_letter": "D",
        "z_min": 70.0,
        "z_max": 73.5,
        "owner_name": "Anjali Pillai",
        "purchase_date": "2019-01-30",
        "status": "Registered",
        "source": "mock",
        "geometry_source": "real"
      },
      "geometry": {
        "type": "Polygon",
        "coordinates": [
          [
            [
              77.723766,
              12.989027
            ],
            [
              77.723772,
              12.988984
            ],
            [
              77.723803,
              12.988998
            ],
            [
              77.723796,
              12.989022
            ],
            [
              77.723925,
              12.989001
            ],
            [
              77.723951,
              12.988906
            ],
            [
              77.723951,
              12.988906
            ],
            [
              77.723877,
              12.988883
            ],
            [
              77.723865,
              12.98891
            ],
            [
              77.723811,
              12.988889
            ],
            [
              77.723703,
              12.988906
            ],
            [
              77.723724,
              12.989034
            ],
            [
              77.723766,
              12.989027
            ]
          ]
        ]
      }
    },
    {
      "type": "Feature",
      "properties": {
        "id_3d_ulpin": "KA-BLR-00042-F22-U01",
        "base_ulpin": "KA-BLR-00042",
        "floor": 22,
        "unit_letter": "A",
        "z_min": 73.5,
        "z_max": 77.0,
        "owner_name": "Aditya Verma",
        "purchase_date": "2019-08-30",
        "status": "Registered",
        "source": "mock",
        "geometry_source": "real"
      },
      "geometry": {
        "type": "Polygon",
        "coordinates": [
          [
            [
              77.723578,
              12.989189
            ],
            [
              77.723681,
              12.989152
            ],
            [
              77.723709,
              12.989138
            ],
            [
              77.723727,
              12.989165
            ],
            [
              77.723727,
              12.989165
            ],
            [
              77.723745,
              12.989161
            ],
            [
              77.723724,
              12.989034
            ],
            [
              77.723677,
              12.989041
            ],
            [
              77.723698,
              12.989045
            ],
            [
              77.723695,
              12.989085
            ],
            [
              77.72366,
              12.98909
            ],
            [
              77.723632,
              12.989048
            ],
            [
              77.723518,
              12.989067
            ],
            [
              77.723578,
              12.989189
            ],
            [
              77.723578,
              12.989189
            ]
          ]
        ]
      }
    },
    {
      "type": "Feature",
      "properties": {
        "id_3d_ulpin": "KA-BLR-00042-F22-U02",
        "base_ulpin": "KA-BLR-00042",
        "floor": 22,
        "unit_letter": "B",
        "z_min": 73.5,
        "z_max": 77.0,
        "owner_name": "Meera Pillai",
        "purchase_date": "2019-05-09",
        "status": "Registered",
        "source": "mock",
        "geometry_source": "real"
      },
      "geometry": {
        "type": "Polygon",
        "coordinates": [
          [
            [
              77.723796,
              12.989022
            ],
            [
              77.723787,
              12.989056
            ],
            [
              77.723753,
              12.989062
            ],
            [
              77.723741,
              12.989038
            ],
            [
              77.723765,
              12.989038
            ],
            [
              77.723766,
              12.989027
            ],
            [
              77.723724,
              12.989034
            ],
            [
              77.723745,
              12.989161
            ],
            [
              77.723765,
              12.989157
            ],
            [
              77.72374,
              12.989096
            ],
            [
              77.723785,
              12.989092
            ],
            [
              77.723897,
              12.989102
            ],
            [
              77.723925,
              12.989001
            ],
            [
              77.723796,
              12.989022
            ]
          ]
        ]
      }
    },
    {
      "type": "Feature",
      "properties": {
        "id_3d_ulpin": "KA-BLR-00042-F22-U03",
        "base_ulpin": "KA-BLR-00042",
        "floor": 22,
        "unit_letter": "C",
        "z_min": 73.5,
        "z_max": 77.0,
        "owner_name": "Manish Trivedi",
        "purchase_date": "2019-10-18",
        "status": "Pending Verification",
        "source": "mock",
        "geometry_source": "real"
      },
      "geometry": {
        "type": "Polygon",
        "coordinates": [
          [
            [
              77.723632,
              12.989048
            ],
            [
              77.723609,
              12.989014
            ],
            [
              77.723661,
              12.989009
            ],
            [
              77.723664,
              12.989039
            ],
            [
              77.723677,
              12.989041
            ],
            [
              77.723724,
              12.989034
            ],
            [
              77.723703,
              12.988906
            ],
            [
              77.723542,
              12.988931
            ],
            [
              77.723462,
              12.988953
            ],
            [
              77.723518,
              12.989067
            ],
            [
              77.723632,
              12.989048
            ]
          ]
        ]
      }
    },
    {
      "type": "Feature",
      "properties": {
        "id_3d_ulpin": "KA-BLR-00042-F22-U04",
        "base_ulpin": "KA-BLR-00042",
        "floor": 22,
        "unit_letter": "D",
        "z_min": 73.5,
        "z_max": 77.0,
        "owner_name": "Ananya Rao",
        "purchase_date": "2022-02-14",
        "status": "Registered",
        "source": "mock",
        "geometry_source": "real"
      },
      "geometry": {
        "type": "Polygon",
        "coordinates": [
          [
            [
              77.723766,
              12.989027
            ],
            [
              77.723772,
              12.988984
            ],
            [
              77.723803,
              12.988998
            ],
            [
              77.723796,
              12.989022
            ],
            [
              77.723925,
              12.989001
            ],
            [
              77.723951,
              12.988906
            ],
            [
              77.723951,
              12.988906
            ],
            [
              77.723877,
              12.988883
            ],
            [
              77.723865,
              12.98891
            ],
            [
              77.723811,
              12.988889
            ],
            [
              77.723703,
              12.988906
            ],
            [
              77.723724,
              12.989034
            ],
            [
              77.723766,
              12.989027
            ]
          ]
        ]
      }
    },
    {
      "type": "Feature",
      "properties": {
        "id_3d_ulpin": "KA-BLR-00042-F23-U01",
        "base_ulpin": "KA-BLR-00042",
        "floor": 23,
        "unit_letter": "A",
        "z_min": 77.0,
        "z_max": 80.5,
        "owner_name": "Arjun Mehta",
        "purchase_date": "2021-05-27",
        "status": "Registered",
        "source": "mock",
        "geometry_source": "real"
      },
      "geometry": {
        "type": "Polygon",
        "coordinates": [
          [
            [
              77.723578,
              12.989189
            ],
            [
              77.723681,
              12.989152
            ],
            [
              77.723709,
              12.989138
            ],
            [
              77.723727,
              12.989165
            ],
            [
              77.723727,
              12.989165
            ],
            [
              77.723745,
              12.989161
            ],
            [
              77.723724,
              12.989034
            ],
            [
              77.723677,
              12.989041
            ],
            [
              77.723698,
              12.989045
            ],
            [
              77.723695,
              12.989085
            ],
            [
              77.72366,
              12.98909
            ],
            [
              77.723632,
              12.989048
            ],
            [
              77.723518,
              12.989067
            ],
            [
              77.723578,
              12.989189
            ],
            [
              77.723578,
              12.989189
            ]
          ]
        ]
      }
    },
    {
      "type": "Feature",
      "properties": {
        "id_3d_ulpin": "KA-BLR-00042-F23-U02",
        "base_ulpin": "KA-BLR-00042",
        "floor": 23,
        "unit_letter": "B",
        "z_min": 77.0,
        "z_max": 80.5,
        "owner_name": "Neha Kulkarni",
        "purchase_date": "2025-05-27",
        "status": "Registered",
        "source": "mock",
        "geometry_source": "real"
      },
      "geometry": {
        "type": "Polygon",
        "coordinates": [
          [
            [
              77.723796,
              12.989022
            ],
            [
              77.723787,
              12.989056
            ],
            [
              77.723753,
              12.989062
            ],
            [
              77.723741,
              12.989038
            ],
            [
              77.723765,
              12.989038
            ],
            [
              77.723766,
              12.989027
            ],
            [
              77.723724,
              12.989034
            ],
            [
              77.723745,
              12.989161
            ],
            [
              77.723765,
              12.989157
            ],
            [
              77.72374,
              12.989096
            ],
            [
              77.723785,
              12.989092
            ],
            [
              77.723897,
              12.989102
            ],
            [
              77.723925,
              12.989001
            ],
            [
              77.723796,
              12.989022
            ]
          ]
        ]
      }
    },
    {
      "type": "Feature",
      "properties": {
        "id_3d_ulpin": "KA-BLR-00042-F23-U03",
        "base_ulpin": "KA-BLR-00042",
        "floor": 23,
        "unit_letter": "C",
        "z_min": 77.0,
        "z_max": 80.5,
        "owner_name": "Zoya Khan",
        "purchase_date": "2021-09-22",
        "status": "Registered",
        "source": "mock",
        "geometry_source": "real"
      },
      "geometry": {
        "type": "Polygon",
        "coordinates": [
          [
            [
              77.723632,
              12.989048
            ],
            [
              77.723609,
              12.989014
            ],
            [
              77.723661,
              12.989009
            ],
            [
              77.723664,
              12.989039
            ],
            [
              77.723677,
              12.989041
            ],
            [
              77.723724,
              12.989034
            ],
            [
              77.723703,
              12.988906
            ],
            [
              77.723542,
              12.988931
            ],
            [
              77.723462,
              12.988953
            ],
            [
              77.723518,
              12.989067
            ],
            [
              77.723632,
              12.989048
            ]
          ]
        ]
      }
    },
    {
      "type": "Feature",
      "properties": {
        "id_3d_ulpin": "KA-BLR-00042-F23-U04",
        "base_ulpin": "KA-BLR-00042",
        "floor": 23,
        "unit_letter": "D",
        "z_min": 77.0,
        "z_max": 80.5,
        "owner_name": "Nikhil Joshi",
        "purchase_date": "2023-07-26",
        "status": "Registered",
        "source": "mock",
        "geometry_source": "real"
      },
      "geometry": {
        "type": "Polygon",
        "coordinates": [
          [
            [
              77.723766,
              12.989027
            ],
            [
              77.723772,
              12.988984
            ],
            [
              77.723803,
              12.988998
            ],
            [
              77.723796,
              12.989022
            ],
            [
              77.723925,
              12.989001
            ],
            [
              77.723951,
              12.988906
            ],
            [
              77.723951,
              12.988906
            ],
            [
              77.723877,
              12.988883
            ],
            [
              77.723865,
              12.98891
            ],
            [
              77.723811,
              12.988889
            ],
            [
              77.723703,
              12.988906
            ],
            [
              77.723724,
              12.989034
            ],
            [
              77.723766,
              12.989027
            ]
          ]
        ]
      }
    },
    {
      "type": "Feature",
      "properties": {
        "id_3d_ulpin": "KA-BLR-00042-F24-U01",
        "base_ulpin": "KA-BLR-00042",
        "floor": 24,
        "unit_letter": "A",
        "z_min": 80.5,
        "z_max": 84.0,
        "owner_name": "Divya Reddy",
        "purchase_date": "2020-02-02",
        "status": "Registered",
        "source": "mock",
        "geometry_source": "real"
      },
      "geometry": {
        "type": "Polygon",
        "coordinates": [
          [
            [
              77.723578,
              12.989189
            ],
            [
              77.723681,
              12.989152
            ],
            [
              77.723709,
              12.989138
            ],
            [
              77.723727,
              12.989165
            ],
            [
              77.723727,
              12.989165
            ],
            [
              77.723745,
              12.989161
            ],
            [
              77.723724,
              12.989034
            ],
            [
              77.723677,
              12.989041
            ],
            [
              77.723698,
              12.989045
            ],
            [
              77.723695,
              12.989085
            ],
            [
              77.72366,
              12.98909
            ],
            [
              77.723632,
              12.989048
            ],
            [
              77.723518,
              12.989067
            ],
            [
              77.723578,
              12.989189
            ],
            [
              77.723578,
              12.989189
            ]
          ]
        ]
      }
    },
    {
      "type": "Feature",
      "properties": {
        "id_3d_ulpin": "KA-BLR-00042-F24-U02",
        "base_ulpin": "KA-BLR-00042",
        "floor": 24,
        "unit_letter": "B",
        "z_min": 80.5,
        "z_max": 84.0,
        "owner_name": "Fatima Sheikh",
        "purchase_date": "2022-12-22",
        "status": "Registered",
        "source": "mock",
        "geometry_source": "real"
      },
      "geometry": {
        "type": "Polygon",
        "coordinates": [
          [
            [
              77.723796,
              12.989022
            ],
            [
              77.723787,
              12.989056
            ],
            [
              77.723753,
              12.989062
            ],
            [
              77.723741,
              12.989038
            ],
            [
              77.723765,
              12.989038
            ],
            [
              77.723766,
              12.989027
            ],
            [
              77.723724,
              12.989034
            ],
            [
              77.723745,
              12.989161
            ],
            [
              77.723765,
              12.989157
            ],
            [
              77.72374,
              12.989096
            ],
            [
              77.723785,
              12.989092
            ],
            [
              77.723897,
              12.989102
            ],
            [
              77.723925,
              12.989001
            ],
            [
              77.723796,
              12.989022
            ]
          ]
        ]
      }
    },
    {
      "type": "Feature",
      "properties": {
        "id_3d_ulpin": "KA-BLR-00042-F24-U03",
        "base_ulpin": "KA-BLR-00042",
        "floor": 24,
        "unit_letter": "C",
        "z_min": 80.5,
        "z_max": 84.0,
        "owner_name": "Pooja Hegde",
        "purchase_date": "2024-03-27",
        "status": "Registered",
        "source": "mock",
        "geometry_source": "real"
      },
      "geometry": {
        "type": "Polygon",
        "coordinates": [
          [
            [
              77.723632,
              12.989048
            ],
            [
              77.723609,
              12.989014
            ],
            [
              77.723661,
              12.989009
            ],
            [
              77.723664,
              12.989039
            ],
            [
              77.723677,
              12.989041
            ],
            [
              77.723724,
              12.989034
            ],
            [
              77.723703,
              12.988906
            ],
            [
              77.723542,
              12.988931
            ],
            [
              77.723462,
              12.988953
            ],
            [
              77.723518,
              12.989067
            ],
            [
              77.723632,
              12.989048
            ]
          ]
        ]
      }
    },
    {
      "type": "Feature",
      "properties": {
        "id_3d_ulpin": "KA-BLR-00042-F24-U04",
        "base_ulpin": "KA-BLR-00042",
        "floor": 24,
        "unit_letter": "D",
        "z_min": 80.5,
        "z_max": 84.0,
        "owner_name": "Sneha Desai",
        "purchase_date": "2019-08-10",
        "status": "Pending Verification",
        "source": "mock",
        "geometry_source": "real"
      },
      "geometry": {
        "type": "Polygon",
        "coordinates": [
          [
            [
              77.723766,
              12.989027
            ],
            [
              77.723772,
              12.988984
            ],
            [
              77.723803,
              12.988998
            ],
            [
              77.723796,
              12.989022
            ],
            [
              77.723925,
              12.989001
            ],
            [
              77.723951,
              12.988906
            ],
            [
              77.723951,
              12.988906
            ],
            [
              77.723877,
              12.988883
            ],
            [
              77.723865,
              12.98891
            ],
            [
              77.723811,
              12.988889
            ],
            [
              77.723703,
              12.988906
            ],
            [
              77.723724,
              12.989034
            ],
            [
              77.723766,
              12.989027
            ]
          ]
        ]
      }
    }
  ]
}